gcp_id,height_offset_m,rpc_col,rpc_row,rpc_error_px,rpc_error_m,gt_used_for_rpc_projection
gf7_esri_0001,-50.0,1309.3107558641823,6539.453541130548,11.771158901428283,7.607787435596618,False
gf7_esri_0002,-50.0,5121.726658808177,4947.233232442795,10.824094189826793,6.995592490070399,False
gf7_esri_0004,-50.0,1428.338508933306,6610.267772616047,11.75725226838594,7.598811161650062,False
gf7_esri_0005,-50.0,8831.834014281614,9989.948309067304,10.501791320802432,6.7872305763165635,False
gf7_esri_0006,-50.0,12658.254900066153,9419.363644844947,13.812041359829845,8.92656955170991,False
gf7_esri_0008,-50.0,16518.06237823936,14361.90138595716,10.40551746931172,6.724955022374665,False
gf7_esri_0011,-50.0,8802.352840087788,9530.358151423998,8.505600018555944,5.497092422159862,False
gf7_esri_0014,-50.0,12901.32240534676,14915.233212169755,8.854828339748888,5.7227940998180316,False
gf7_esri_0015,-50.0,8296.185823918831,1233.2216294351492,9.995774676601492,6.460177376154508,False
gf7_esri_0017,-50.0,8897.581449652309,9849.438163569486,10.4960935916241,6.783545838625181,False
gf7_esri_0018,-50.0,12564.639537699759,9541.449847182057,13.330873947084477,8.615599846536702,False
gf7_esri_0019,-50.0,8715.329860717728,13654.552282392096,11.095791723449643,7.17114497563264,False
gf7_esri_0020,-50.0,10786.307348001814,13808.759050363016,9.615846669714685,6.214643170297584,False
gf7_esri_0022,-50.0,1130.5451238567057,7673.4477385873415,11.784867854238794,7.616683565120043,False
gf7_esri_0023,-50.0,8749.686694373398,9692.52051894645,12.354901687066514,7.9848736902032,False
gf7_esri_0024,-50.0,12729.139197578497,9303.997553930827,14.011905047256718,9.055736250526047,False
gf7_esri_0026,-50.0,16199.066318897441,14518.381774219899,10.433320508202197,6.742920285890496,False
gf7_esri_0028,-50.0,2071.8838252723817,8828.20980290819,10.411361171386833,6.728900499933675,False
gf7_esri_0032,-50.0,14452.412317855393,15218.109379585501,10.02171377729345,6.4769232377791495,False
gf7_esri_0034,-50.0,8632.913313822826,10053.125660727292,10.518932383254949,6.798308057327276,False
gf7_esri_0035,-50.0,12842.599071900439,9361.06405841594,10.728124539149258,6.933464712484587,False
gf7_esri_0036,-50.0,9114.25300669141,13784.24486894731,11.060132890556794,7.148127461278093,False
gf7_esri_0037,-50.0,13014.968093736825,15064.894289786222,10.142494432757461,6.55500417707594,False
gf7_esri_0038,-50.0,8728.51292020992,1341.2599468097833,11.216528046167776,7.249130834591462,False
gf7_esri_0039,-50.0,8794.038452335062,10207.359762588128,10.505104418892143,6.789378040058718,False
gf7_esri_0040,-50.0,14660.661207635829,5885.289452249901,10.567183830690297,6.82939269469113,False
gf7_esri_0041,-50.0,8834.834691221804,14149.473057333975,16.714145946476954,10.802266434704505,False
gf7_esri_0042,-50.0,16076.509894110612,14592.05973927807,10.444012275611911,6.749831458520753,False
gf7_esri_0046,-50.0,9208.169457491647,13913.335004519555,10.468251363851781,6.765573250156904,False
gf7_esri_0047,-50.0,13640.826813343574,11006.690406898457,10.655668162418628,6.886634338554027,False
gf7_esri_0048,-50.0,9113.802368500927,1938.1838442100125,22.18267641980282,14.33640464489854,False
gf7_esri_0050,-50.0,9711.034226292099,9513.262604848851,11.721338624587254,7.57540882907589,False
gf7_esri_0051,-50.0,9636.696288680883,13744.103761670964,9.887142669769261,6.389993539963812,False
gf7_esri_0052,-50.0,16669.39126459325,14302.366320920297,9.836762685418911,6.35737380952897,False
gf7_esri_0054,-50.0,8434.6448305057,9085.749062312441,9.188257722224769,5.938336174539845,False
gf7_esri_0056,-50.0,8668.40022747527,13527.603160916005,11.09991364194755,7.173821791863168,False
gf7_esri_0057,-50.0,13448.613430792793,15212.165032443678,11.989170299172352,7.748463495249776,False
gf7_esri_0058,-50.0,9249.970331093054,2055.2139502046957,10.463621111364336,6.762520405668451,False
gf7_esri_0059,-50.0,8614.841587925495,9740.525080327056,11.723529908153658,7.57682548584941,False
gf7_esri_0062,-50.0,13299.252711285379,11586.075262309221,9.370678617220246,6.056145980744062,False
gf7_esri_0063,-50.0,9159.135884442327,1815.731298350729,22.393930442193966,14.472907605797431,False
gf7_esri_0064,-50.0,8730.049848011462,9314.114220539173,9.96209169070909,6.438430202558597,False
gf7_esri_0066,-50.0,9857.988609879736,13781.102260774485,10.412497337965581,6.729532168007155,False
gf7_esri_0067,-50.0,16026.422574671768,12604.283200792914,9.374261521367579,6.058474382754191,False
gf7_esri_0070,-50.0,14923.112353619948,8533.531458284328,11.14330036122693,7.201749272800091,False
gf7_esri_0071,-50.0,8516.356879343955,13208.768970401772,11.140000232908356,7.199734429782752,False
gf7_esri_0072,-50.0,12920.64940831664,15224.858041454398,10.091675023133227,6.522142817525214,False
gf7_esri_0073,-50.0,8420.120545086096,1266.1233275078957,11.738141591908187,7.586255869796146,False
gf7_esri_0075,-50.0,10228.20835852264,9456.619929495298,9.8381358373095,6.358299747295312,False
gf7_esri_0076,-50.0,8820.376707669097,13562.676901383236,11.624908580526414,7.51312285769894,False
gf7_esri_0077,-50.0,16016.411712706898,12431.126717140065,9.375009087957539,6.05895158421204,False
gf7_esri_0078,-50.0,9100.113291839158,1655.5614347327937,10.390980330413703,6.71559612218591,False
gf7_esri_0080,-50.0,10027.025815376182,10224.852084962677,10.397251037151445,6.719645360597273,False
gf7_esri_0081,-50.0,9133.877307334384,13503.91253041924,12.982423168788165,8.390470622684163,False
gf7_esri_0082,-50.0,12921.686364177003,14522.394169901318,9.42602959560296,6.091946357286923,False
gf7_esri_0084,-50.0,8980.746927146256,10060.078424641497,12.536914046960307,8.10252312339662,False
gf7_esri_0085,-50.0,12853.493783047088,6025.958864176175,10.155672642130401,6.5634679813827015,False
gf7_esri_0086,-50.0,9913.515944797453,11941.15909123191,9.8641190390083,6.375097866287869,False
gf7_esri_0088,-50.0,8404.710340670816,1108.2884101278687,21.09089419501443,13.630868761094861,False
gf7_esri_0089,-50.0,8553.943781707454,9004.050686789524,9.976445189222767,6.4477089651824375,False
gf7_esri_0091,-50.0,8494.461952742751,13628.082030083617,11.115498525495056,7.183902918998163,False
gf7_esri_0092,-50.0,15725.103084973702,14975.00207042925,9.91535510710073,6.40818194976965,False
gf7_esri_0093,-50.0,9286.756041957078,1924.9153098122442,9.914830335919433,6.407850526198125,False
gf7_esri_0094,-50.0,8175.437059510376,9799.267674120387,11.145530590987812,7.203285208946534,False
gf7_esri_0096,-50.0,9496.085074586259,15047.814077794374,9.898947247071309,6.397637596585005,False
gf7_esri_0097,-50.0,15989.289402813198,13048.515206743381,8.468556633759448,5.473122343227495,False
gf7_esri_0099,-50.0,3689.5351597455883,7285.145857779904,10.30372044896598,6.659302946387796,False
gf7_esri_0100,-50.0,9921.388948846274,9389.118603227114,9.863069720830065,6.374415967591581,False
gf7_esri_0102,-50.0,16232.197549691942,15127.432266166767,9.35881868659897,6.0484877104948715,False
gf7_esri_0103,-50.0,8428.929363576584,983.5056377394212,8.53706733758635,5.517400845448578,False
gf7_esri_0104,-50.0,9124.748955419442,9697.805205781795,11.060593968438512,7.1483769189687525,False
gf7_esri_0105,-50.0,9834.403401600877,9501.60171188357,12.463792130588175,8.055234840173924,False
gf7_esri_0106,-50.0,9441.882366630605,13818.586627067622,9.903054104091776,6.400279662514468,False
gf7_esri_0108,-50.0,8907.187208319985,1205.6043409596568,11.062127765269794,7.149339724729716,False
gf7_esri_0109,-50.0,8307.874541745963,9264.296178939281,8.69922945521273,5.622253491383386,False
gf7_esri_0110,-50.0,11241.015970167944,11071.599372582903,7.978440419891069,5.156393518838095,False
gf7_esri_0111,-50.0,9332.178826272535,15121.789685054158,9.912357780832082,6.406300287515111,False
gf7_esri_0112,-50.0,11837.888618841014,15320.394267703276,10.816223683024466,6.990442972646488,False
gf7_esri_0113,-50.0,8159.93616798181,7564.550107661164,11.146048178959337,7.203613286031795,False
gf7_esri_0115,-50.0,9311.231926455745,14995.550296928839,9.914014634797443,6.407383810626832,False
gf7_esri_0116,-50.0,8456.147901829034,9898.324926323841,9.984723662314943,6.453056607652466,False
gf7_esri_0118,-50.0,8262.955086696804,13583.365521678541,11.324224673424494,7.31880886321579,False
gf7_esri_0119,-50.0,8044.344899343034,9248.328949249284,11.15705122446011,7.210735659859699,False
gf7_esri_0120,-50.0,13110.343728891725,5910.384835213639,10.13396414418729,6.549434806272541,False
gf7_esri_0121,-50.0,7894.650157798738,13451.83980678635,7.435756186907893,4.805700806680145,False
gf7_esri_0122,-50.0,9329.798314539625,11265.057362845631,11.042881471884726,7.136939645153382,False
gf7_esri_0123,-50.0,13063.175042318864,8936.651844690341,10.708552184553922,6.920800914082484,False
gf7_esri_0124,-50.0,8475.465806503655,13452.769987063626,11.305489071966454,7.306690324275581,False
gf7_esri_0126,-50.0,11514.865896304453,11012.641266673001,8.2593637295558,5.337937546575766,False
gf7_esri_0127,-50.0,7605.772793452943,13162.575497071299,8.756361373272926,5.659182263562167,False
gf7_esri_0129,-50.0,10970.010853670614,11069.119227936619,10.894379896958945,7.040936364533904,False
gf7_esri_0130,-50.0,9335.617761030873,14854.798088182952,8.83367231905219,5.709131321716548,False
gf7_esri_0131,-50.0,7152.424265749787,6799.820042845347,9.966365097860582,6.4412078707666645,False
gf7_esri_0132,-50.0,15681.973713597685,7073.648072798307,11.216370322921094,7.248963222244651,False
gf7_esri_0133,-50.0,8491.913900825057,13815.854579941803,9.980772139490648,6.450534616242523,False
gf7_esri_0134,-50.0,8694.808671163428,9868.887513968391,10.513563933865717,6.7948265178189695,False
gf7_esri_0135,-50.0,9340.444344779266,6221.221787542056,11.037484509476807,7.133433599198908,False
gf7_esri_0137,-50.0,8783.852845841226,10424.863653937498,11.708237818611282,7.5669491508119515,False
gf7_esri_0139,-50.0,9184.108213512518,14697.11584304863,9.924358526921154,6.414045953432566,False
gf7_esri_0141,-50.0,12784.214639916987,9520.207352937206,10.733324289424367,6.9368299310708785,False
gf7_esri_0142,-50.0,9256.43508969176,13788.282913088773,11.04751906362596,7.13993440544599,False
gf7_esri_0146,-50.0,8830.81956943989,9059.573450917262,9.953770405587054,6.4330477565581905,False
gf7_esri_0148,-50.0,8890.016028238797,13274.345211256354,11.792548220361565,7.6214587856891525,False
gf7_esri_0149,-50.0,8449.060566470906,9730.623722999044,11.738798983153812,7.586704631797582,False
gf7_esri_0150,-50.0,15096.176439451789,8495.645121467165,10.530054203630451,6.805413690068608,False
gf7_esri_0151,-50.0,8895.049989769266,14257.19661408487,15.136740178248784,9.782754897244622,False
gf7_esri_0153,-50.0,14766.057198781331,5787.1696608261755,10.557904968010785,6.823404703711318,False
gf7_esri_0154,-50.0,8968.148372609261,14436.018391715943,9.941929941375976,6.425417573443125,False
gf7_esri_0157,-50.0,8456.539653929518,13327.841195731027,9.983545311518165,6.45232410783911,False
gf7_esri_0159,-50.0,10055.977414247138,9548.381714407564,9.852174526107731,6.367365843365806,False
gf7_esri_0160,-50.0,9652.449354639277,13911.99082289547,10.430157636048238,6.7409411571560955,False
gf7_esri_0161,-50.0,5376.795629160122,7162.349284508826,10.139150295345896,6.5529034593516355,False
gf7_esri_0162,-50.0,13570.895193505548,10690.543406720704,11.898810474239339,7.690072375478815,False
gf7_esri_0163,-50.0,8948.13339037409,14706.055025578717,12.537834119958461,8.10314602174666,False
gf7_esri_0164,-50.0,5702.592554773884,11110.374766862125,10.212670779786855,6.600459580620569,False
gf7_esri_0165,-50.0,12366.187554943277,9423.204915474189,10.770186647256514,6.960646550419142,False
gf7_esri_0166,-50.0,8912.457086925475,14558.472952614678,11.243541921257753,7.266654361826268,False
gf7_esri_0169,-50.0,8703.495792854443,14122.747143982677,19.30921353669512,12.479490215587264,False
gf7_esri_0170,-50.0,8764.125901365447,7352.976971024631,10.506752246606183,6.7904260387557,False
gf7_esri_0174,-50.0,13314.233039473844,10823.850167673314,9.371536798341417,6.056711465402867,False
gf7_esri_0175,-50.0,8722.87601037072,14358.224614473067,8.665078524438906,5.600212277782972,False
gf7_esri_0176,-50.0,4194.488213632023,9948.938203330668,10.255587852621176,6.628208801490704,False
gf7_esri_0177,-50.0,12982.477290523306,9537.342354380631,10.145895204533325,6.557168282742395,False
gf7_esri_0180,-50.0,9151.967411847541,10062.967090014561,12.522830785620634,8.093418216307414,False
gf7_esri_0001,-20.0,1308.2020319441963,6534.820704260257,9.11490167980066,5.891028662256179,False
gf7_esri_0002,-20.0,5120.86063349426,4942.600517912217,8.165908966202021,5.277612189688042,False
gf7_esri_0004,-20.0,1427.2373662094615,6605.634938379735,9.106065261147924,5.885326670346591,False
gf7_esri_0005,-20.0,8831.204199437125,9985.315796508885,8.01010753081654,5.176873648693631,False
gf7_esri_0006,-20.0,12657.868692631768,9414.731262822914,12.37640066126752,7.998730848283099,False
gf7_esri_0008,-20.0,16517.921925840204,14357.269210603707,8.466739896035412,5.471947469686918,False
gf7_esri_0011,-20.0,8801.721144226472,9525.72563523854,6.637063469615923,4.289474137582827,False
gf7_esri_0014,-20.0,12900.951693314317,14910.600911258847,6.698575991562196,4.3292280426954015,False
gf7_esri_0015,-20.0,8295.52188485999,1228.5889895350556,7.258865144825052,4.691337880487204,False
gf7_esri_0017,-20.0,8896.955819965935,9844.805651781542,8.00730698662855,5.175061894558966,False
gf7_esri_0018,-20.0,12564.247370758017,9536.81746301824,11.848107995054368,7.657304226949481,False
gf7_esri_0019,-20.0,8714.692642013062,13649.919813960572,8.796893675186942,5.685380678755103,False
gf7_esri_0020,-20.0,10785.801978121644,13804.126658937506,7.59377630724602,4.907795609223702,False
gf7_esri_0022,-20.0,1129.425029425458,7668.8149046490325,9.119060987448732,5.893744657259415,False
gf7_esri_0023,-20.0,8749.051647537486,9687.888001047324,10.393389425157046,6.717164075846028,False
gf7_esri_0024,-20.0,12728.75750252575,9299.365173260578,12.657556700344802,8.180436183932214,False
gf7_esri_0026,-20.0,16198.905557670063,14513.74959056226,8.4802069980714,5.480648251042689,False
gf7_esri_0028,-20.0,2070.8236462299756,8823.577029176275,7.969922221876933,5.150989648750859,False
gf7_esri_0032,-20.0,14452.140357451177,15213.4771407048,7.77194086504009,5.022919782989286,False
gf7_esri_0034,-20.0,8632.270834451607,10048.493142485808,8.018434977882618,5.182255112132044,False
gf7_esri_0035,-20.0,12842.224600454196,9356.431682676151,8.622177078047555,5.572414851941761,False
gf7_esri_0036,-20.0,9113.641190579212,13779.612410225818,8.780145669827643,5.674579229522923,False
gf7_esri_0037,-20.0,13014.6046179669,15060.26199425602,7.831722121290381,5.061572531206153,False
gf7_esri_0038,-20.0,8727.87650480921,1336.6273243795476,9.97830776450131,6.448881346791033,False
gf7_esri_0039,-20.0,8793.40623276587,10202.727250459428,8.011768122352448,5.177951630268384,False
gf7_esri_0040,-20.0,14660.402471780659,5880.657105834716,8.544282738350237,5.52202583484845,False
gf7_esri_0041,-20.0,8834.20508383304,14144.840598447896,13.40470693024271,8.663393044628357,False
gf7_esri_0042,-20.0,16076.341330499232,14587.427552106823,8.485381775869968,5.48399363547953,False
gf7_esri_0046,-20.0,9207.563617602598,13908.70255553299,7.992746327190973,5.165667967552134,False
gf7_esri_0047,-20.0,13640.503166788812,11002.058081721683,8.585713443754946,5.548846690935912,False
gf7_esri_0048,-20.0,9113.190481146645,1933.5512459206693,19.200019747250508,12.40874847910136,False
gf7_esri_0050,-20.0,9710.460384823931,9508.63011657735,9.149573571958804,5.913297332260703,False
gf7_esri_0051,-20.0,9636.117729032532,13739.471327366315,7.205002747604951,4.6565446206605206,False
gf7_esri_0052,-20.0,16669.260446438624,14297.734150538727,7.679220972642562,4.962982217862091,False
gf7_esri_0054,-20.0,8433.989731711405,9081.116516528402,6.22437800229919,4.022791934281264,False
gf7_esri_0056,-20.0,8667.760022438195,13522.970686623652,8.798768951159538,5.686602840301231,False
gf7_esri_0057,-20.0,13448.277561825085,15207.532759559293,10.763403923286317,6.956264720834734,False
gf7_esri_0058,-20.0,9249.367113958391,2050.5813570867285,7.989662003973006,5.163628514566542,False
gf7_esri_0059,-20.0,8614.19795641299,9735.892558133379,9.597130932491982,6.2025504954583255,False
gf7_esri_0062,-20.0,13298.907318474765,11581.44293661642,8.10819405965972,5.24021886475364,False
gf7_esri_0063,-20.0,9158.52688109143,1811.0987027687588,19.75305713678159,12.76614534508079,False
gf7_esri_0064,-20.0,8729.413551696314,9309.481694614276,7.243661591169184,4.681527837089975,False
gf7_esri_0066,-20.0,9857.424140006413,13776.469833346662,7.965602647518029,5.14811937176533,False
gf7_esri_0067,-20.0,16026.250815075804,12599.650981615305,6.938557454443964,4.484307643348554,False
gf7_esri_0070,-20.0,14922.870335505319,8528.899151388783,9.327117734466302,6.027977455874449,False
gf7_esri_0071,-20.0,8515.706993959444,13204.136485544757,8.672455210769064,5.604970652269152,False
gf7_esri_0072,-20.0,12920.279926624899,15220.225748650111,8.96261438552323,5.7924428706622635,False
gf7_esri_0073,-20.0,8419.46449698237,1261.4906916828477,9.601203450113008,6.205171871562523,False
gf7_esri_0075,-20.0,10227.667441985577,9451.987460146376,7.179349598885051,4.6399498335061935,False
gf7_esri_0076,-20.0,8819.746178435884,13558.044432810733,9.24040761320199,5.972031278551303,False
gf7_esri_0077,-20.0,16016.239314850174,12426.4944965526,6.938914690029352,4.484534122518384,False
gf7_esri_0078,-20.0,9099.500536758671,1650.9288269505887,8.48026928026313,5.480720940923963,False
gf7_esri_0080,-20.0,10026.472091654814,10220.21962038726,7.957500581202055,5.142857633364809,False
gf7_esri_0081,-20.0,9133.266736404452,13499.28007275903,11.182628264323302,7.22727280695785,False
gf7_esri_0082,-20.0,12921.316946150055,14517.761866272831,7.503626824554235,4.849517141512809,False
gf7_esri_0084,-20.0,8980.126594255567,10055.445916736204,9.663379295064813,6.245376963990497,False
gf7_esri_0085,-20.0,12853.119993764145,6021.326450676315,7.837885693532612,5.065514969222883,False
gf7_esri_0086,-20.0,9912.955001024799,11936.526644205282,7.192895145800024,4.648708142621141,False
gf7_esri_0088,-20.0,8404.053312278915,1103.65577057446,17.89326190855898,11.56426572189242,False
gf7_esri_0089,-20.0,8553.2962729047,8999.418150292677,7.250809696654853,4.686149204373614,False
gf7_esri_0091,-20.0,8493.810675345318,13623.449549729827,8.80610129844128,5.691348586639148,False
gf7_esri_0092,-20.0,15724.912150818214,14970.36987318418,7.718818667796436,4.988585272664167,False
gf7_esri_0093,-20.0,9286.155167840852,1920.282714730689,7.218248717559149,4.665078198612575,False
gf7_esri_0094,-20.0,8174.765455260411,9794.635134903276,8.821439860043037,5.701240218822784,False
gf7_esri_0096,-20.0,9495.4975695719,15043.181654329132,7.211291918336138,4.6606200785994085,False
gf7_esri_0097,-20.0,15989.115280414415,13043.882993924577,7.159963195592443,4.627394754173958,False
gf7_esri_0099,-20.0,3688.577961836303,7280.5131214975045,8.520557125841089,5.506843033447524,False
gf7_esri_0100,-20.0,9920.828498297284,9384.486122200684,7.19198762260895,4.6481188958300566,False
gf7_esri_0102,-20.0,16232.038900436146,15122.800091502004,6.931080421495507,4.479470770162125,False
gf7_esri_0103,-20.0,8428.273869854296,978.8730061231618,6.649761196710694,4.297658270449554,False
gf7_esri_0104,-20.0,9124.137788095426,9693.172699814253,8.781570208294475,5.675461369290099,False
gf7_esri_0105,-20.0,9833.837412666919,9496.969230350876,9.625695232692525,6.2209987768483295,False
gf7_esri_0106,-20.0,9441.291404542726,13813.954186687088,7.2130716187809405,4.661761422354451,False
gf7_esri_0108,-20.0,8906.562167725173,1200.97172362934,9.307430731438325,6.015297027426737,False
gf7_esri_0109,-20.0,8307.211367331307,9259.663637608573,6.098649705433068,3.9415162889569793,False
gf7_esri_0110,-20.0,11240.53953973025,11066.966960207019,5.192648306336622,3.355961398877669,False
gf7_esri_0111,-20.0,9331.580885516505,15117.157258113046,7.218099364076364,4.665016442486944,False
gf7_esri_0112,-20.0,11837.450205328696,15315.761932751055,8.663445108477509,5.599118578928172,False
gf7_esri_0113,-20.0,8159.263570212372,7559.917539125696,8.820972420212195,5.700933021437322,False
gf7_esri_0115,-20.0,9310.63265363474,14990.91786470657,7.218888315211896,4.66553559032112,False
gf7_esri_0116,-20.0,8455.494168611505,9893.692399251122,7.255207496046452,4.688989525965261,False
gf7_esri_0118,-20.0,8262.28907104436,13578.73303161371,8.875680477441604,5.7363228670141675,False
gf7_esri_0119,-20.0,8043.664948211399,9243.696397256028,8.826652737473536,5.704613017439876,False
gf7_esri_0120,-20.0,13109.986291742158,5905.752429821043,7.827136522553592,5.058565398977012,False
gf7_esri_0121,-20.0,7893.960692184812,13447.207303639687,5.020139461960555,3.2444969490080866,False
gf7_esri_0122,-20.0,9329.200207900154,11260.424883323853,8.77373359685373,5.670404713011233,False
gf7_esri_0123,-20.0,13062.814611596794,8932.019473769056,8.612741773896685,5.56630533374233,False
gf7_esri_0124,-20.0,8474.813318703624,13448.137504090733,8.866776003017222,5.730560262926862,False
gf7_esri_0126,-20.0,11514.406898597106,11008.008866520258,6.519763804110037,4.213652908907103,False
gf7_esri_0127,-20.0,7605.064930741981,13157.94298522151,6.127052779299504,3.959876361699386,False
gf7_esri_0129,-20.0,10969.51716907472,11064.486806740832,8.701569832241796,5.623743621926069,False
gf7_esri_0130,-20.0,9335.020034613208,14850.165662496245,6.627296222762907,4.283168208771537,False
gf7_esri_0131,-20.0,7151.687524313975,6795.187427245712,8.37350812101698,5.411753019824767,False
gf7_esri_0132,-20.0,15681.780004911638,7069.0157753240055,8.90354091634268,5.7542180573715145,False
gf7_esri_0133,-20.0,8491.262461975792,13811.222101998319,7.252253341780762,4.687103419766551,False
gf7_esri_0134,-20.0,8694.170130048818,9864.254997721826,8.015796770515117,5.180540946947689,False
gf7_esri_0135,-20.0,9339.846900305929,6216.589244136179,8.767486539220506,5.666352963458366,False
gf7_esri_0137,-20.0,8783.219977564115,10420.231145524205,9.590374493323544,6.198189450240491,False
gf7_esri_0139,-20.0,9183.500842468882,14692.483407200629,7.224068961416969,4.668867026881689,False
gf7_esri_0141,-20.0,12783.83645225319,9515.574976390777,8.624696209434118,5.574046697810595,False
gf7_esri_0142,-20.0,9255.832319944177,13783.650467105394,8.774276004397999,5.670753294551774,False
gf7_esri_0146,-20.0,8830.189687362834,9054.940925898598,7.239408139098181,4.678775618723743,False
gf7_esri_0148,-20.0,8889.389930518459,13269.712742504267,9.184522095174046,5.935905904862533,False
gf7_esri_0149,-20.0,8448.406381792567,9725.991193131455,9.604087379214944,6.2070552795600245,False
gf7_esri_0150,-20.0,15095.945439385847,8491.012820897464,8.52729048309641,5.511057993685203,False
gf7_esri_0151,-20.0,8894.424211876094,14252.564164748135,12.162667238288998,7.860635188804179,False
gf7_esri_0153,-20.0,14765.805173460816,5782.537315061969,8.539790502388366,5.51912968143383,False
gf7_esri_0154,-20.0,8967.527253719549,14431.38594154217,7.232853935034611,4.674555851264285,False
gf7_esri_0157,-20.0,8455.885960851678,13323.208710235474,7.253528180313599,4.687925309532225,False
gf7_esri_0159,-20.0,10055.425531619996,9543.749241977299,7.186511190755392,4.644573212514937,False
gf7_esri_0160,-20.0,9651.871798605705,13907.35839137986,7.97424408177724,5.153700644204915,False
gf7_esri_0161,-20.0,5375.945845154614,7157.716609621504,8.448985854286988,5.460555078070421,False
gf7_esri_0162,-20.0,13570.567094363041,10685.91107304617,10.186285053840178,6.583285738593692,False
gf7_esri_0163,-20.0,8947.510999317845,14701.422577085856,9.662779480490784,6.245011088614846,False
gf7_esri_0164,-20.0,5701.7635313535775,11105.74214787337,7.369319455557888,4.762798708772808,False
gf7_esri_0165,-20.0,12365.782752123283,9418.572524618377,8.642204956383377,5.585356696950885,False
gf7_esri_0166,-20.0,8911.83242449658,14553.840500107617,8.437273498292539,5.452974756323953,False
gf7_esri_0169,-20.0,8702.857827374044,14118.1146753276,15.987934098592879,10.332956687835823,False
gf7_esri_0170,-20.0,8763.491767359807,7348.344422973936,8.011767306412905,5.177938154151373,False
gf7_esri_0174,-20.0,13313.888598996175,10819.217829511847,8.111032833208238,5.242062920336164,False
gf7_esri_0175,-20.0,8722.239278879502,14353.592150726341,6.080454849592515,3.929778340398593,False
gf7_esri_0176,-20.0,4193.563173929599,9944.305516536357,8.500526352692587,5.493908725458402,False
gf7_esri_0177,-20.0,12982.111724316772,9532.709987596574,7.834044321561246,5.063047263487122,False
gf7_esri_0180,-20.0,9151.357979565908,10058.334588420996,9.65655205255947,6.2409622574032255,False
gf7_esri_0001,0.0,1307.4628100979953,6531.73217053418,8.444415082338926,5.4576881938604656,False
gf7_esri_0002,0.0,5120.283226478721,4939.512065891098,7.596615518976225,4.909678864809722,False
gf7_esri_0004,0.0,1426.5031989916097,6602.546406414434,8.44033767308471,5.455061323366194,False
gf7_esri_0005,0.0,8830.784281689783,9982.227479222669,7.595786971658051,4.909101315230219,False
gf7_esri_0006,0.0,12657.611195718004,9411.643032629552,12.33364464417791,7.971098107375264,False
gf7_esri_0008,0.0,16517.828281808008,14354.181118204797,8.4353894118802,5.451686046216604,False
gf7_esri_0011,0.0,8801.299972329613,9522.637315534907,7.0338401898972105,4.545907346008963,False
gf7_esri_0014,0.0,12900.704527824442,14907.512735127031,6.819648696975123,4.407476218447814,False
gf7_esri_0015,0.0,8295.079215009438,1225.5005873669033,6.748577151963549,4.361543436988606,False
gf7_esri_0017,0.0,8896.538692592705,9841.717335010835,7.595731397167753,4.909063706490743,False
gf7_esri_0018,0.0,12563.985900454189,9533.729231395491,11.811073543279925,7.6333692607731445,False
gf7_esri_0019,0.0,8714.267787974484,13646.831526079412,8.437559499781925,5.453145113168292,False
gf7_esri_0020,0.0,10785.465031914435,13801.03842243474,7.6545820286301725,4.947093850355729,False
gf7_esri_0022,0.0,1128.6782265437705,7665.726372867017,8.440816259691081,5.45538798368985,False
gf7_esri_0023,0.0,8748.62824144429,9684.799680199618,10.12753853835744,6.545346783787316,False
gf7_esri_0024,0.0,12728.503014157224,9296.276943969617,12.654577289340056,8.178510624192128,False
gf7_esri_0026,0.0,16198.798373094936,14510.661492625803,8.435447640606997,5.451720856432998,False
gf7_esri_0028,0.0,2070.116790889835,8820.488537567255,7.661388403132042,4.951583122262796,False
gf7_esri_0032,0.0,14451.959032837778,15210.389005941015,7.592031211719946,4.9066461555254675,False
gf7_esri_0034,0.0,8631.842472861395,10045.404821406186,7.595800090115505,4.909109315759342,False
gf7_esri_0035,0.0,12841.974928297255,9353.343456673398,8.436429370196546,5.452368223744061,False
gf7_esri_0036,0.0,9113.233273264403,13776.524128826535,8.43760349119235,5.453195347613191,False
gf7_esri_0037,0.0,13014.362277127493,15057.173821712255,7.5917779530111655,4.906498743809687,False
gf7_esri_0038,0.0,8727.452185867527,1333.5389338677269,10.313365573962853,6.665425886058529,False
gf7_esri_0039,0.0,8792.98471171874,10199.638933458235,7.595873188280363,4.9091615431101205,False
gf7_esri_0040,0.0,14660.229964107773,5877.56889940936,8.434925714121942,5.451350234391039,False
gf7_esri_0041,0.0,8833.785304512507,14141.752316931681,11.726848154928033,7.579001560385245,False
gf7_esri_0042,0.0,16076.228943826309,14584.339451827302,8.43547101350636,5.451736948582742,False
gf7_esri_0046,0.0,9207.159684829316,13905.614280625283,7.593963091935371,4.9079365570920395,False
gf7_esri_0047,0.0,13640.28738126638,10998.969889431788,8.433303588654114,5.450345975103448,False
gf7_esri_0048,0.0,9112.782515871626,1930.462871509586,17.62425297976945,11.390348824476051,False
gf7_esri_0050,0.0,9710.077786300608,9505.541815502473,8.493580222208278,5.489333997297314,False
gf7_esri_0051,0.0,9635.731984864491,13736.383062255965,6.7501779856863395,4.362594448447285,False
gf7_esri_0052,0.0,16669.173225864513,14294.64606145494,7.591841134534035,4.906509746985523,False
gf7_esri_0054,0.0,8433.552956316205,9078.028177085238,5.710518686762833,3.6906866043782,False
gf7_esri_0056,0.0,8667.333177313703,13519.882394834567,8.437458623193136,5.453089680829855,False
gf7_esri_0057,0.0,13448.053627326652,15204.4446021171,11.010216387359376,7.115776790504373,False
gf7_esri_0058,0.0,9248.96492940262,2047.4929861258424,7.592673218012227,4.907059136020757,False
gf7_esri_0059,0.0,8613.768826643056,9732.804234419427,9.283584260955548,5.9999077393505225,False
gf7_esri_0062,0.0,13298.677034044118,11578.354743977254,8.660619925075919,5.5972444144669025,False
gf7_esri_0063,0.0,9158.120838666595,1808.0103301639356,18.445497387391256,11.921086390787998,False
gf7_esri_0064,0.0,8728.989312522655,9306.393368416679,6.751510225390577,4.363453850618375,False
gf7_esri_0066,0.0,9857.047789942866,13773.381572825201,7.593976233028596,4.90793953501577,False
gf7_esri_0067,0.0,16026.136297494193,12596.562860003674,6.747515130219088,4.360839248030159,False
gf7_esri_0070,0.0,14922.708974193967,8525.81097130416,9.279924504568193,5.997477173365473,False
gf7_esri_0071,0.0,8515.273694630723,13201.048186709962,8.181214743747503,5.287484042774323,False
gf7_esri_0072,0.0,12920.033581447819,15217.137577922036,9.485758420635598,6.130545326728069,False
gf7_esri_0073,0.0,8419.02708828577,1258.4022922342374,9.279320122449104,5.997141557329207,False
gf7_esri_0075,0.0,10227.306795564844,9448.899171696807,6.748919476295563,4.3617666710710745,False
gf7_esri_0076,0.0,8819.32578447997,13554.956144838223,8.746506214725764,5.652825165175298,False
gf7_esri_0077,0.0,16016.124371715307,12423.406374001508,6.747454092627815,4.360795523541414,False
gf7_esri_0078,0.0,9099.0919929271,1647.8404462114995,8.493447563065592,5.489237945294209,False
gf7_esri_0080,0.0,10026.10290629994,10217.131335114002,7.592892256299087,4.907214709084641,False
gf7_esri_0081,0.0,9132.859649286198,13496.191792068443,10.96876214343331,7.089052277463092,False
gf7_esri_0082,0.0,12921.070643407758,14514.673688330628,7.655127980612529,4.947430786533043,False
gf7_esri_0084,0.0,8979.712998432353,10052.357602555197,8.667380765811314,5.601669821713154,False
gf7_esri_0085,0.0,12852.870776295313,6018.238199509784,7.5912700014379935,4.906130725972008,False
gf7_esri_0086,0.0,9912.581001881132,11933.43837062419,6.7494717241796325,4.362127283463299,False
gf7_esri_0088,0.0,8403.61524998369,1100.5673686403861,16.167520748855026,10.448933624256426,False
gf7_esri_0089,0.0,8552.864557996252,8996.329817043947,6.751360721048514,4.363358713713979,False
gf7_esri_0091,0.0,8493.376447926421,13620.361253895497,8.43747429255162,5.45310640455813,False
gf7_esri_0092,0.0,15724.784848994424,14967.281766186221,7.592039386919296,4.906649256198166,False
gf7_esri_0093,0.0,9285.75454544314,1917.1943424619276,6.748976093417449,4.361792239129949,False
gf7_esri_0094,0.0,8174.317675174245,9791.546799829865,8.439571735308556,5.454441289672454,False
gf7_esri_0096,0.0,9495.105861267548,15040.09339643853,6.750686901994668,4.362933476562644,False
gf7_esri_0097,0.0,15988.99918748726,13040.794876550728,7.842558847608989,5.068547795478377,False
gf7_esri_0099,0.0,3687.939767243828,7277.424654920165,8.665209809439135,5.600332181067405,False
gf7_esri_0100,0.0,9920.454827923724,9381.39782596039,6.748862556381434,4.361731028994311,False
gf7_esri_0102,0.0,16231.933123991164,15119.71199955919,6.748608955386075,4.361541739027111,False
gf7_esri_0103,0.0,8427.836830764465,975.7846094813867,7.030915357706873,4.543993482175918,False
gf7_esri_0104,0.0,9123.730303236585,9690.084386929237,8.439647624894942,5.454479430144524,False
gf7_esri_0105,0.0,9833.460049678755,9493.880933771039,8.663653683754525,5.599240124144085,False
gf7_esri_0106,0.0,9440.897391273194,13810.865917521933,6.750188169264115,4.362602849966869,False
gf7_esri_0108,0.0,8906.14543272225,1197.8833365218743,9.331608855765683,6.030923101215699,False
gf7_esri_0109,0.0,8306.769207667687,9256.575301130766,5.989253781263978,3.870814438894359,False
gf7_esri_0110,0.0,11240.221888306081,11063.87870975267,5.157299449167625,3.3331157538127356,False
gf7_esri_0111,0.0,9331.18221937064,15114.068997901553,6.750713892081742,4.362947878193435,False
gf7_esri_0112,0.0,11837.15790110272,15312.673733909749,8.435292173524571,5.451665075046448,False
gf7_esri_0113,0.0,8158.815127633687,7556.829184512611,8.43840731024604,5.45368385611192,False
gf7_esri_0115,0.0,9310.233099356523,14987.829600974237,6.750633086709632,4.362904307145889,False
gf7_esri_0116,0.0,8455.058303717165,9890.60407228036,6.751735177773926,4.36359891125441,False
gf7_esri_0118,0.0,8261.845017158748,13575.644729300031,8.374999307158243,5.41273428656904,False
gf7_esri_0119,0.0,8043.211602973797,9240.608053663549,8.439257297072077,5.45424165493813,False
gf7_esri_0120,0.0,13109.747976758728,5902.664184062709,7.591246400438121,4.906113016645946,False
gf7_esri_0121,0.0,7893.501003457262,13444.118992596184,5.432757399057716,3.5111703448692695,False
gf7_esri_0122,0.0,9328.801431066096,11257.336588069345,8.440471597689049,5.455019735809667,False
gf7_esri_0123,0.0,13062.574300824974,8928.931250982429,8.436262427296892,5.452248979324386,False
gf7_esri_0124,0.0,8474.378284266762,13445.049206510388,8.374967384027606,5.412706408494564,False
gf7_esri_0126,0.0,11514.100870130122,11004.920624219169,7.031678800679585,4.544498040604767,False
gf7_esri_0127,0.0,7604.592976074924,13154.854668369422,5.987720903371035,3.8698270310025067,False
gf7_esri_0129,0.0,10969.18801375118,11061.39855040206,8.437085064429459,5.4528095772931096,False
gf7_esri_0130,0.0,9334.621511368648,14847.07740312182,6.739388110104063,4.355612293385079,False
gf7_esri_0131,0.0,7151.196315071815,6792.099041233016,8.665350503422554,5.600369173469148,False
gf7_esri_0132,0.0,15681.650852985265,7065.927601528787,8.493190635065744,5.489015143097588,False
gf7_esri_0133,0.0,8490.828126915801,13808.133807770277,6.750056720191435,4.362535676264561,False
gf7_esri_0134,0.0,8693.744394214067,9861.166677974072,7.5957441073927825,4.9090645006904525,False
gf7_esri_0135,0.0,9339.448564776314,6213.500906306706,8.434343280687852,5.45104527159044,False
gf7_esri_0137,0.0,8782.798024009466,10417.142830999112,9.283983910925738,6.000171439912199,False
gf7_esri_0139,0.0,9183.095888841039,14689.395141049234,6.750543472888609,4.3628306986592,False
gf7_esri_0141,0.0,12783.584302380572,9512.4867498491,8.436496222564664,5.45241510756511,False
gf7_esri_0142,0.0,9255.430434129601,13780.562194201175,8.437712957064456,5.453234947905916,False
gf7_esri_0146,0.0,8829.769724757865,9051.852600308148,6.751420178078933,4.363392630172972,False
gf7_esri_0148,0.0,8888.972491187393,13266.624454414388,8.494819551704751,5.490154960180363,False
gf7_esri_0149,0.0,8447.970215889363,9722.902864297748,9.283534318951528,5.999884052714127,False
gf7_esri_0150,0.0,15095.79142415881,8487.924645031302,8.436301712457068,5.452253336712212,False
gf7_esri_0151,0.0,8894.006985804523,14249.475889599144,10.866546370641585,7.022962571312925,False
gf7_esri_0153,0.0,14765.637139911772,5779.449109071664,8.434864097443509,5.451317428225118,False
gf7_esri_0154,0.0,8967.113133958372,14428.297665836315,6.750384583132364,4.3627384203790935,False
gf7_esri_0157,0.0,8455.450122814782,13320.120410973253,6.749853449247375,4.362402410766137,False
gf7_esri_0159,0.0,10055.057573759295,9540.660951469947,6.748958311145494,4.361786985686381,False
gf7_esri_0160,0.0,9651.486723583268,13904.270128128717,7.594029887824878,4.907970752291271,False
gf7_esri_0161,0.0,5375.379266835325,7154.628184031071,8.665351441549197,5.600391530234068,False
gf7_esri_0162,0.0,13570.348340148383,10682.822875091293,10.12462791579779,6.543437397867754,False
gf7_esri_0163,0.0,8947.096031367704,14698.334302499417,8.66550742333645,5.6004786258934445,False
gf7_esri_0164,0.0,5701.210794917843,11102.653759547786,6.751859935303817,4.363733988682867,False
gf7_esri_0165,0.0,12365.512857070978,9415.484288532029,8.436418961355301,5.45235959826257,False
gf7_esri_0166,0.0,8911.415942146965,14550.752222844676,7.657985633290694,4.949324251617116,False
gf7_esri_0169,0.0,8702.432475446307,14115.026387295857,14.204053912204419,9.180039957721032,False
gf7_esri_0170,0.0,8763.068969793463,7345.256082032089,7.594553661217871,4.9082964672093725,False
gf7_esri_0174,0.0,13313.658949494333,10816.129628562576,8.664395611732123,5.599694625501742,False
gf7_esri_0175,0.0,8721.814749696401,14350.50386596661,5.988171701891191,3.8701360399472096,False
gf7_esri_0176,0.0,4192.946420337108,9941.217082961412,8.666579705480197,5.601229369606809,False
gf7_esri_0177,0.0,12981.867989574115,9529.621767565463,7.5929012475990545,4.907199436921618,False
gf7_esri_0180,0.0,9150.951651527377,10055.246278451528,8.667409507558256,5.601686327760394,False
gf7_esri_0001,20.0,1306.7235301905203,6528.643656157899,8.927753272277794,5.770073256312962,False
gf7_esri_0002,20.0,5119.705774011649,4936.423633335893,8.27515142408773,5.348215392559314,False
gf7_esri_0004,20.0,1425.7689741106024,6599.457893802748,8.928223996743974,5.770386363367857,False
gf7_esri_0005,20.0,8830.364330990276,9979.139181471808,8.405805294322867,5.432610206144576,False
gf7_esri_0006,20.0,12657.353678568696,9408.554822026417,13.0486985508331,8.433229537819956,False
gf7_esri_0008,20.0,16517.734630495248,14351.093045408448,9.471840650106902,6.121531441269326,False
gf7_esri_0011,20.0,8800.878767369937,9519.549015367109,8.621414057829686,5.571941989066666,False
gf7_esri_0014,20.0,12900.457343023932,14904.424578575412,8.206076490855695,5.303511747790268,False
gf7_esri_0015,20.0,8294.636510104761,1222.4122047441015,7.606788194278106,4.9161973521578375,False
gf7_esri_0017,20.0,8896.121532482313,9838.629037776975,8.408094714021614,5.434087969030981,False
gf7_esri_0018,20.0,12563.724409606633,9530.641019361747,12.56326616643107,8.119503228756871,False
gf7_esri_0019,20.0,8713.842900676187,13643.74325772329,9.1888421258149,5.93869465872893,False
gf7_esri_0020,20.0,10785.12805934051,13797.950205489858,8.878102611097816,5.7378452103476905,False
gf7_esri_0022,20.0,1127.931365045035,7662.637860426326,8.917954034504842,5.763767126559471,False
gf7_esri_0023,20.0,8748.204802117645,9681.711378886435,10.795586825019873,6.977101023769677,False
gf7_esri_0024,20.0,12728.248505785836,9293.188734269848,13.389027338073838,8.6531774099067,False
gf7_esri_0026,20.0,16198.691180179809,14507.573414290757,9.460179372914961,6.113991739412487,False
gf7_esri_0028,20.0,2069.409880092302,8817.400065327889,8.599418163349902,5.557835159684129,False
gf7_esri_0032,20.0,14451.777694080596,15207.300890769071,8.603100280723618,5.560088959177179,False
gf7_esri_0034,20.0,8631.414077658897,10042.316519858166,8.398740861573561,5.428043986814883,False
gf7_esri_0035,20.0,12841.725236516642,9350.255250262819,9.338264994589107,6.035214317240584,False
gf7_esri_0036,20.0,9112.825324019757,13773.435866959113,9.20339152007116,5.9481216286003145,False
gf7_esri_0037,20.0,13014.119917357868,15054.085668749429,8.55131204083068,5.526637112669866,False
gf7_esri_0038,20.0,8727.027833314687,1330.4505629090709,11.515203455670836,7.442161789593852,False
gf7_esri_0039,20.0,8792.563157599454,10196.550635991242,8.404538622981633,5.43179655226259,False
gf7_esri_0040,20.0,14660.057442750709,5874.480712598335,9.403420770485914,6.077272255693144,False
gf7_esri_0041,20.0,8833.365492338271,14138.664054941564,10.71347213438446,6.924061857961523,False
gf7_esri_0042,20.0,16076.116548406557,14581.251371148675,9.455701778725459,6.1110990339861795,False
gf7_esri_0046,20.0,9206.755720440451,13902.526025250752,8.417430654855949,5.4401391115039,False
gf7_esri_0047,20.0,13640.071578819476,10995.88171673743,9.364468660408177,6.052147125463983,False
gf7_esri_0048,20.0,9112.374518294208,1927.3745166571425,16.492296936306882,10.658778856443222,False
gf7_esri_0050,20.0,9709.69515773738,9502.453533979013,8.940606725140995,5.778243705105254,False
gf7_esri_0051,20.0,9635.346210503558,13733.29481668632,7.65438116510545,4.9469748572552925,False
gf7_esri_0052,20.0,16669.085998512623,14291.557991974145,8.682694921760852,5.61151458635417,False
gf7_esri_0054,20.0,8433.116146623592,9074.939857172205,6.777452912395032,4.380242154458291,False
gf7_esri_0056,20.0,8666.906298771355,13516.794122569972,9.187048266754568,5.937545929175265,False
gf7_esri_0057,20.0,13447.829675343131,15201.356464259337,12.073606974727236,7.803033951909519,False
gf7_esri_0058,20.0,9248.562713002797,2044.4046347256808,8.417934460440012,5.440416176812682,False
gf7_esri_0059,20.0,8613.339663192388,9729.715930237444,9.985387585135411,6.453477726748394,False
gf7_esri_0062,20.0,13298.44673156539,11575.26657092942,10.171000664081467,6.573383562501745,False
gf7_esri_0063,20.0,9157.714764084389,1804.921977118789,17.59813129177335,11.373444642867941,False
gf7_esri_0064,20.0,8728.565040040083,9303.305061754121,7.624305628113497,4.927535416619857,False
gf7_esri_0066,20.0,9856.671410423456,13770.293331847923,8.44058721975434,5.455098942028144,False
gf7_esri_0067,20.0,16026.021770963876,12593.474757997295,7.874850418804754,5.089422715762844,False
gf7_esri_0070,20.0,14922.547600159525,8522.722810829302,10.215881645092084,6.6023723514218435,False
gf7_esri_0071,20.0,8514.84036137266,13197.959907397571,8.837593230286474,5.711698646876674,False
gf7_esri_0072,20.0,12919.787217028646,15214.049426773636,10.900694603702494,7.045003614622986,False
gf7_esri_0073,20.0,8418.589644948866,1255.3139123332621,9.974303874736172,6.446303337234406,False
gf7_esri_0075,20.0,10226.946120823264,9445.81090280683,7.673814053069617,4.959517815294503,False
gf7_esri_0076,20.0,8818.905357612404,13551.867876392871,9.329812594750415,6.029813290840746,False
gf7_esri_0077,20.0,16016.009419594866,12420.318271056027,7.874444146618461,5.089155155937833,False
gf7_esri_0078,20.0,9098.683416735192,1644.7520850314759,9.579750650971716,6.1913057553263835,False
gf7_esri_0080,20.0,10025.733691975125,10214.043069395533,8.445663225201338,5.458352549688902,False
gf7_esri_0081,20.0,9132.452530298155,13493.10353091067,11.618168531079245,7.508760150707166,False
gf7_esri_0082,20.0,12920.82432141663,14511.585529969696,8.949417935426803,5.783917124235815,False
gf7_esri_0084,20.0,8979.29937015433,10049.269307912042,8.734009603291392,5.6447315906895685,False
gf7_esri_0085,20.0,12852.62153913283,6015.149967943116,8.545212298282443,5.522650176929004,False
gf7_esri_0086,20.0,9912.206973430477,11930.350116592264,7.6633592509042066,4.952765169990129,False
gf7_esri_0088,20.0,8403.177152989612,1097.4789862540056,14.901945238808866,9.631002742559966,False
gf7_esri_0089,20.0,8552.432809184358,8993.24150332773,7.618088269756762,4.923518858954264,False
gf7_esri_0091,20.0,8492.94218651293,13617.27297758223,9.180743680235544,5.93347848247595,False
gf7_esri_0092,20.0,15724.657537259805,14964.193678787102,8.648864517577953,5.589663394693302,False
gf7_esri_0093,20.0,9285.353891318007,1914.1059897548184,7.641384493304189,4.938546398410032,False
gf7_esri_0094,20.0,8173.869859947465,9788.458484280018,9.171196504965156,5.927285703739889,False
gf7_esri_0096,20.0,9494.714122323076,15037.005158083408,7.649954600813893,4.94412546554536,False
gf7_esri_0097,20.0,15988.88308549645,13037.706778781007,9.53131135144497,6.15996743883063,False
gf7_esri_0099,20.0,3687.301522521824,7274.336207764736,9.872318817626368,6.380487719510724,False
gf7_esri_0100,20.0,9920.081128206608,9378.309549275125,7.663124161864485,4.952610333460649,False
gf7_esri_0102,20.0,16231.82733932547,15116.623927216493,7.883038073466262,5.094709119324878,False
gf7_esri_0103,20.0,8427.399757049652,972.6962323880543,8.60848198597777,5.563555247871698,False
gf7_esri_0104,20.0,9123.32278639228,9686.996093585394,9.20576337978615,5.9496141575515535,False
gf7_esri_0105,20.0,9833.082657060633,9490.792656744587,8.764880823676874,5.664662298690186,False
gf7_esri_0106,20.0,9440.503347163902,13807.777667894105,7.647641908724589,4.942621383273996,False
gf7_esri_0108,20.0,8905.728664696115,1194.7949689711168,10.341779117328901,6.683785781251685,False
gf7_esri_0109,20.0,8306.32701328939,9253.486984180268,7.349482028358546,4.749920806955865,False
gf7_esri_0110,20.0,11239.90421197249,11060.79047886849,6.745950295782394,4.359846355041301,False
gf7_esri_0111,20.0,9330.783522040269,15110.980757222627,7.644300351425272,4.940467709295771,False
gf7_esri_0112,20.0,11836.865574032676,15309.585554636411,9.300392619800576,6.0107729034833355,False
gf7_esri_0113,20.0,8158.36664979739,7553.740849427817,9.169580848466463,5.926236219940953,False
gf7_esri_0115,20.0,9309.833513822556,14984.741356774415,7.643508117501229,4.939965490526308,False
gf7_esri_0116,20.0,8454.62240461852,9887.515764838268,7.615031640772279,4.921541337436981,False
gf7_esri_0118,20.0,8261.400928507732,13572.556446503153,8.998466281128886,5.815678924865305,False
gf7_esri_0119,20.0,8042.758222144594,9237.519729593329,9.166153048578874,5.924030043549227,False
gf7_esri_0120,20.0,13109.509642932297,5899.575957906927,8.55439284385568,5.52858066605783,False
gf7_esri_0121,20.0,7893.041278736699,13441.030701062597,7.302419630916726,4.719525900109793,False
gf7_esri_0122,20.0,9328.402622968086,11254.24831235601,9.213968855358791,5.95492578458286,False
gf7_esri_0123,20.0,13062.33397115144,8925.843047791024,9.346174291210401,6.040313430146263,False
gf7_esri_0124,20.0,8473.943215768975,13441.96092845114,9.006298204479535,5.820732878455205,False
gf7_esri_0126,20.0,11513.79481766341,11001.832401491838,8.697295436638802,5.620968077572868,False
gf7_esri_0127,20.0,7604.120984448202,13151.766371022059,7.327013661163677,4.735403666949912,False
gf7_esri_0129,20.0,10968.858832616303,11058.310313629863,9.270503485120656,5.991440148341497,False
gf7_esri_0130,20.0,9334.222956946829,14843.989163280592,8.143058221832849,5.262792989112766,False
gf7_esri_0131,20.0,7150.705067196168,6789.010674729812,9.9809296973268,6.450620892645275,False
gf7_esri_0132,20.0,15681.521690815554,7062.8394473501885,9.170725578541186,5.926895290207424,False
gf7_esri_0133,20.0,8490.393757855989,13805.045533062832,7.614668437838804,4.921330901358026,False
gf7_esri_0134,20.0,8693.318624967898,9858.078377759459,8.400889812119928,5.429423288595449,False
gf7_esri_0135,20.0,9339.050197870969,6210.412588029963,9.208680446850465,5.95149288295245,False
gf7_esri_0137,20.0,8782.376037354194,10414.054536007528,9.992003122391017,6.457759119113543,False
gf7_esri_0139,20.0,9182.690903529749,14686.30689442883,7.639023843262847,4.93704956719811,False
gf7_esri_0141,20.0,12783.33213269441,9509.398542898682,9.336192608532803,6.0338790278539465,False
gf7_esri_0142,20.0,9255.02851685766,13777.473940831216,9.208652562236987,5.95148782982361,False
gf7_esri_0146,20.0,8829.349729171992,9048.76429425512,7.62771153334429,4.92973321342743,False
gf7_esri_0148,20.0,8888.555019171052,13263.536185853553,8.91018263861422,5.758601829238837,False
gf7_esri_0149,20.0,8447.534015753843,9719.814554992963,9.97921686774504,6.449498874704586,False
gf7_esri_0150,20.0,15095.637396783583,8484.8364887759,9.420637279830252,6.088414425371505,False
gf7_esri_0151,20.0,8893.58972708081,14246.387633977065,10.375717104302494,6.705743516718223,False
gf7_esri_0153,20.0,14765.469093025862,5776.360922696527,9.407228168992326,6.079740737549161,False
gf7_esri_0154,20.0,8966.698981791553,14425.209409658286,7.631416411331133,4.932144705180131,False
gf7_esri_0157,20.0,8455.014250651759,13317.03213123206,7.613269406225395,4.9204245782896185,False
gf7_esri_0159,20.0,10054.689587007077,9537.572680519344,7.667872005562283,4.955672087429712,False
gf7_esri_0160,20.0,9651.101618423221,13901.181884418158,8.43330959655712,5.450391617667823,False
gf7_esri_0161,20.0,5374.812643990526,7151.539777908047,9.925176305313864,6.414612689548588,False
gf7_esri_0162,20.0,13570.129568768907,10679.734696732108,10.973827200002008,7.092265700568551,False
gf7_esri_0163,20.0,8946.68103094956,14695.246047439854,8.73105719281244,5.64284314824027,False
gf7_esri_0164,20.0,5700.658015151563,11099.565390688906,7.52030434451,4.860380397079586,False
gf7_esri_0165,20.0,12365.242940811146,9412.396072032849,9.320846920427964,6.023955116895624,False
gf7_esri_0166,20.0,8910.999427208488,14547.66396510831,8.094635156826277,5.231529021876404,False
gf7_esri_0169,20.0,8702.007090227919,14111.938118787926,12.935702232660189,8.36030784668939,False
gf7_esri_0170,20.0,8762.646138972317,7342.167760630304,8.402299867610926,5.430336079818421,False
gf7_esri_0174,20.0,13313.429281976565,10813.041447206506,10.175144142094368,6.5760732218921385,False
gf7_esri_0175,20.0,8721.390187290814,14347.415600730514,7.360664183681988,4.757173500255436,False
gf7_esri_0176,20.0,4192.32961837173,9938.12866881663,9.889232046313444,6.391432244676801,False
gf7_esri_0177,20.0,12981.6242356781,9526.533567127466,8.551292923621501,5.526596283998335,False
gf7_esri_0180,20.0,9150.545291603708,10052.157988022893,8.740930207930878,5.649202243758773,False
gf7_esri_0001,50.0,1305.6145014488266,6524.010920874056,11.40693227614064,7.372385062153435,False
gf7_esri_0002,50.0,5118.839510077198,4931.791021001378,11.02951857907897,7.128357901154909,False
gf7_esri_0004,50.0,1424.66752865522,6594.825161172959,11.411153343721002,7.37512451176413,False
gf7_esri_0005,50.0,8829.734343146984,9974.506771474009,11.248366557461873,7.269736666847845,False
gf7_esri_0006,50.0,12656.967364897699,9403.922542853108,15.280842133510157,9.8758392448919,False
gf7_esri_0008,50.0,16517.594139873127,14346.460972968416,12.383393101214415,8.003231158436575,False
gf7_esri_0011,50.0,8800.246897928859,9514.916601744819,12.1671457383332,7.86351632942898,False
gf7_esri_0014,50.0,12900.086529610664,14899.792380460556,11.600795252245895,7.497487255030462,False
gf7_esri_0015,50.0,8293.972387011774,1217.7796674571655,10.622833545727039,6.865439764603941,False
gf7_esri_0017,50.0,8895.49573092584,9833.996628557468,11.252310160144221,7.272282882717251,False
gf7_esri_0018,50.0,12563.33213481036,9526.008738040206,14.878028673812976,9.615509235754642,False
gf7_esri_0019,50.0,8713.20550735801,13639.110891798276,11.863350495615956,7.667213698776621,False
gf7_esri_0020,50.0,10784.622551035089,13793.317916743286,12.056173652471237,7.791806569173922,False
gf7_esri_0022,50.0,1126.8109628742695,7658.005128029952,11.393606455963782,7.3638072241405155,False
gf7_esri_0023,50.0,8747.569580806112,9677.078963543623,13.18892561918586,8.523896656250031,False
gf7_esri_0024,50.0,12727.866705718065,9288.556456453412,15.619308782421061,10.094583161396926,False
gf7_esri_0026,50.0,16198.530375167416,14502.94133354054,12.361444854090687,7.98904214665284,False
gf7_esri_0028,50.0,2068.349409898603,8812.767393286622,11.596194678854317,7.494662694664466,False
gf7_esri_0032,50.0,14451.50565942152,15202.668754745575,11.595641428832302,7.494135344148875,False
gf7_esri_0034,50.0,8630.771421823185,10037.68410415758,11.23635190841189,7.261970980583861,False
gf7_esri_0035,50.0,12841.350662046108,9345.622977382007,12.13442768240841,7.842342418299951,False
gf7_esri_0036,50.0,9112.213340275954,13768.803510779928,11.88923637252724,7.683974311072668,False
gf7_esri_0037,50.0,13013.756342204313,15049.45347601915,11.503972873439169,7.4349156155129945,False
gf7_esri_0038,50.0,8726.391241455407,1325.8180431330002,14.435806255190757,9.329718413394883,False
gf7_esri_0039,50.0,8791.930764401446,10191.918226417047,11.246137269996959,7.26830256718719,False
gf7_esri_0040,50.0,14659.798635053618,5869.848469158345,12.256130409225097,7.92093038438945,False
gf7_esri_0041,50.0,8832.735712467585,14134.031698567527,10.820917089741839,6.993502979186146,False
gf7_esri_0042,50.0,16075.947938874324,14576.619286882104,12.3530283681665,7.983604125222485,False
gf7_esri_0046,50.0,9206.149714569632,13897.893678813354,11.269689461678523,7.28353828250574,False
gf7_esri_0047,50.0,13639.747843411258,10991.249494437212,12.185596665224223,7.87540932688494,False
gf7_esri_0048,50.0,9111.762461352364,1922.7420210506352,15.825853618041215,10.228064324854232,False
gf7_esri_0050,50.0,9709.121158559738,9497.821148352408,11.3109626366294,7.310186060415699,False
gf7_esri_0051,50.0,9634.767492342537,13728.662484970366,10.698038496437345,6.914070036789926,False
gf7_esri_0052,50.0,16668.955144774674,14286.925924508258,11.739131885783976,7.586850672723256,False
gf7_esri_0054,50.0,8432.460867767892,9070.307413921353,10.119306097530172,6.540069214085444,False
gf7_esri_0056,50.0,8666.265918290546,13512.161750781188,11.860256161675611,7.665227573318264,False
gf7_esri_0057,50.0,13447.493714578733,15196.724294193195,14.783149964758904,9.554180563657926,False
gf7_esri_0058,50.0,9247.95932868685,2039.7721443015034,11.271797595708138,7.284835759845466,False
gf7_esri_0059,50.0,8612.695854856081,9725.083510586599,12.507899779876798,8.083757585734357,False
gf7_esri_0062,50.0,13298.10124400238,11570.634348091126,13.493489079444277,8.720663998071428,False
gf7_esri_0063,50.0,9157.105591907324,1800.2894842252317,17.32813532595414,11.19894974223733,False
gf7_esri_0064,50.0,8727.928568853144,9298.672638388185,10.64850062493211,6.882051497223973,False
gf7_esri_0066,50.0,9856.10678590683,13765.661007027027,11.3093114249484,7.309137525990565,False
gf7_esri_0067,50.0,16025.849964387213,12588.842641747302,11.0702050828588,7.1545426542090835,False
gf7_esri_0070,50.0,14922.305515248676,8518.09060688503,12.945825135642604,8.366694222908475,False
gf7_esri_0071,50.0,8514.190297859099,13193.327525033194,11.459814352850836,7.4064289255044455,False
gf7_esri_0072,50.0,12919.417634315916,15209.41723676261,14.074166311902106,9.095984810589735,False
gf7_esri_0073,50.0,8417.93341498357,1250.6813791333298,12.49167146357143,8.073255482742775,False
gf7_esri_0075,50.0,10226.405055601783,9441.178536145824,10.730727034059779,6.935173504131689,False
gf7_esri_0076,50.0,8818.274655593053,13547.23551033797,11.802031811764683,7.627596755538873,False
gf7_esri_0077,50.0,16015.836974563872,12415.68615339804,11.069555863652532,7.15411605549848,False
gf7_esri_0078,50.0,9098.070491762948,1640.1195799344423,12.554396521764103,8.113792338839563,False
gf7_esri_0080,50.0,10025.179816161579,10209.41070748276,11.319012940458677,7.315371391930138,False
gf7_esri_0081,50.0,9131.841792051835,13488.471175797735,13.905708571577732,8.987185037839227,False
gf7_esri_0082,50.0,12920.454802333326,14506.953329142887,12.178576910235384,7.870889486688614,False
gf7_esri_0084,50.0,8978.678866875918,10044.636902580483,10.697104415427038,6.913466548045807,False
gf7_esri_0085,50.0,12852.247646458243,6010.517657342591,11.49376915131713,7.428260881225986,False
gf7_esri_0086,50.0,9911.645875796137,11925.717772198763,10.713210687198574,6.923858716927895,False
gf7_esri_0088,50.0,8402.519942428748,1092.8464493261527,14.127013381602131,9.130170755698384,False
gf7_esri_0089,50.0,8551.785122388543,8988.609069376558,10.638647855976386,6.875686064260517,False
gf7_esri_0091,50.0,8492.290730643866,13612.640599714026,11.849037862341428,7.657986503381161,False
gf7_esri_0092,50.0,15724.46655107247,14959.56158443596,11.677733117125252,7.547186940566433,False
gf7_esri_0093,50.0,9284.752850632813,1909.4734973719824,10.678095066302722,6.901140490676522,False
gf7_esri_0094,50.0,8173.198071209314,9783.826047561635,11.830227913624,7.645800713837668,False
gf7_esri_0096,50.0,9494.126456448099,15032.372837179446,10.69044308894155,6.909177200656326,False
gf7_esri_0097,50.0,15988.708915513498,13033.07466888386,13.063956048687754,8.443071568534064,False
gf7_esri_0099,50.0,3686.34406143255,7269.703573447367,12.973930888066214,8.385062135279622,False
gf7_esri_0100,50.0,9919.520523603953,9373.677170912617,10.713347355691791,6.923942989701331,False
gf7_esri_0102,50.0,16231.66864691093,15111.99185545239,11.083408988108884,7.163068897889589,False
gf7_esri_0103,50.0,8426.744081546201,968.0637034010651,12.14894753754165,7.8517142672432065,False
gf7_esri_0104,50.0,9122.711451144567,9682.36369020904,11.891625491954349,7.685466208982235,False
gf7_esri_0105,50.0,9832.516512569407,9486.16027786725,10.759537175276773,6.953790452404307,False
gf7_esri_0106,50.0,9439.912223167303,13803.145330084555,10.687107980923486,6.9070085998155575,False
gf7_esri_0108,50.0,8905.10345072945,1190.1624543135295,13.159778395262158,8.50502981399917,False
gf7_esri_0109,50.0,8305.663656622684,9248.854545367902,10.850290661417128,7.0124698822747895,False
gf7_esri_0110,50.0,11239.42765076034,11056.158169235985,10.488791877063594,6.778810846352199,False
gf7_esri_0111,50.0,9330.185417565577,15106.348432827512,10.68126879461756,6.903243089379346,False
gf7_esri_0112,50.0,11836.42704058898,15304.953322416066,12.06624788052214,7.798324089301821,False
gf7_esri_0113,50.0,8157.693866925503,7549.108383415869,11.828455852716903,7.644648611399376,False
gf7_esri_0115,50.0,9309.234076908877,14980.109027097838,10.680056177170549,6.90247307140331,False
gf7_esri_0116,50.0,8453.96849182837,9882.8833402911,10.633446867182437,6.872321847761985,False
gf7_esri_0118,50.0,8260.734730336908,13567.924058901544,11.563892766464527,7.473705557175587,False
gf7_esri_0119,50.0,8042.07808415707,9232.887280091934,11.821592132257154,7.640224484898194,False
gf7_esri_0120,50.0,13109.152106856975,5894.94365542776,11.50998196634159,7.438735270557087,False
gf7_esri_0121,50.0,7892.3516241594825,13436.398300343017,11.207058188164773,7.243078877465338,False
gf7_esri_0122,50.0,9327.804352192887,11249.61593542542,11.905504027707925,7.694446771634146,False
gf7_esri_0123,50.0,13061.973441195409,8921.210779744673,12.149105029205792,7.851811873568796,False
gf7_esri_0124,50.0,8473.290549149064,13437.32854796403,11.577871823576885,7.482730157937136,False
gf7_esri_0126,50.0,11513.335693957482,10997.20010410135,12.29043387047631,7.943174628107869,False
gf7_esri_0127,50.0,7603.412927698993,13147.133961572059,10.818208010331478,6.991741008138705,False
gf7_esri_0129,50.0,10968.36501251089,11053.677995158596,12.010347341138452,7.76217574058621,False
gf7_esri_0130,50.0,9333.625066848552,14839.356840143213,11.575982207385557,7.481464130979827,False
gf7_esri_0131,50.0,7149.9681229345715,6784.378161554987,13.156201879938434,8.502782134345615,False
gf7_esri_0132,50.0,15681.327928351995,7058.207252863167,11.742160134299052,7.5887728839781765,False
gf7_esri_0133,50.0,8489.742140507646,13800.413157602481,10.634124771196475,6.87279390726033,False
gf7_esri_0134,50.0,8692.679908443362,9853.445964061862,11.240048738466584,7.2643474382362445,False
gf7_esri_0135,50.0,9338.452588675045,6205.780147275906,11.901774883936996,7.6920172140927665,False
gf7_esri_0137,50.0,8781.742995298837,10409.422130145196,12.519733395400237,8.091412854129448,False
gf7_esri_0139,50.0,9182.083366148041,14681.674561118522,10.672882822595223,6.897812155216861,False
gf7_esri_0141,50.0,12782.95384100949,9504.766269206357,12.130563152515005,7.839850104969155,False
gf7_esri_0142,50.0,9254.4255819589,13772.841597402734,11.898522261442311,7.689931828056388,False
gf7_esri_0146,50.0,8828.719673945205,9044.131871807964,10.654046525394707,6.885631002698897,False
gf7_esri_0148,50.0,8887.928749853032,13258.903819628962,11.254009933586248,7.273404465242382,False
gf7_esri_0149,50.0,8446.879651355863,9715.182127652206,12.496555416506592,8.076437376258244,False
gf7_esri_0150,50.0,15095.40633293965,8480.20429116267,12.286773793244508,7.940754811166486,False
gf7_esri_0151,50.0,8892.96377776388,14241.755287156597,11.332795559377443,7.324295717071509,False
gf7_esri_0153,50.0,14765.216997686792,5771.728679911985,12.263263265420493,7.925550428958448,False
gf7_esri_0154,50.0,8966.077692772225,14420.577062005621,10.660750018232214,6.8899872476623925,False
gf7_esri_0157,50.0,8454.36037841173,13312.399748221895,10.632049879720126,6.871449932272014,False
gf7_esri_0159,50.0,10054.137552699473,9532.940310762067,10.720999549692818,6.928879117859404,False
gf7_esri_0160,50.0,9650.523904167188,13896.549555490612,11.296781126822914,7.3010341260802605,False
gf7_esri_0161,50.0,5373.962626226055,7146.907205224581,13.061809183828158,8.441809431051393,False
gf7_esri_0162,50.0,13569.8013795111,10675.102465934953,13.536668759817047,8.74860245158505,False
gf7_esri_0163,50.0,8946.058469436319,14690.613701463102,10.693511390699507,6.911168504463863,False
gf7_esri_0164,50.0,5699.82876424586,11094.932873900341,10.484176896712846,6.7759342619554594,False
gf7_esri_0165,50.0,12364.83802665164,9407.763784009767,12.102548684020649,7.821736661375955,False
gf7_esri_0166,50.0,8910.374593688117,14543.031615115793,10.595038631464412,6.847529383911096,False
gf7_esri_0169,50.0,8701.368949971606,14107.30575263287,12.334520853824523,7.97176601816202,False
gf7_esri_0170,50.0,8762.011830378946,7337.535315164963,11.2434957528748,7.266577200544688,False
gf7_esri_0174,50.0,13313.084746915269,10808.409211909373,13.497628822512949,8.72335509150802,False
gf7_esri_0175,50.0,8720.75328138152,14342.783239482873,10.86742785921154,7.023583543233738,False
gf7_esri_0176,50.0,4191.404324711628,9933.49608403072,13.0008151758501,8.4024552091472,False
gf7_esri_0177,50.0,12981.258568916437,9521.90130320725,11.502983272093568,7.4342377432586195,False
gf7_esri_0180,50.0,9149.935691925091,10047.52558901872,10.710144954723036,6.921892003474229,False
