method,method_label_cn,split,bias_model,requested_gcp_count,used_gcp_count,icp_count,selection,rmse_x_px,rmse_y_px,rmse_2d_px,median_error_px,p90_error_px,p95_error_px,rmse_2d_m,median_error_m,ce90_m,p95_error_m
raw_gray_ncc,原始灰度 NCC,0,translation,5,5,24,spatial_farthest_with_margin_tiebreak,4.189496463814271,3.844696774036604,5.686261856844068,5.782756525725,6.900661620681665,7.039823193036683,3.674991940020784,3.7373379056478706,4.459888135972533,4.5498226952982606
raw_gray_ncc,原始灰度 NCC,0,translation,10,10,24,spatial_farthest_with_margin_tiebreak,5.158441020267424,4.49559233036059,6.8425042316665445,7.0223568775460485,8.090975445560513,8.21482942345964,4.422263242436591,4.538479259342708,5.229185986629918,5.309226712742729
raw_gray_ncc,原始灰度 NCC,0,affine,5,5,24,spatial_farthest_with_margin_tiebreak,2.343328179516898,2.9650999157131936,3.779286237780934,3.4158729387466,5.242290287005984,6.0130653108470735,2.4425340348303526,2.207656222677101,3.388114152529058,3.886234933513659
raw_gray_ncc,原始灰度 NCC,0,affine,10,10,24,spatial_farthest_with_margin_tiebreak,2.3442247020887095,2.6969489620838716,3.5733630039457465,3.3575477641555285,4.745655095751896,5.402713297665999,2.309444842040918,2.1699535639051373,3.067088884091794,3.491757301920456
raw_gray_ncc,原始灰度 NCC,0,affine,20,20,24,spatial_farthest_with_margin_tiebreak,2.257787729151214,2.89763253639521,3.6734016586648854,3.4242399025150374,4.822699482536673,5.195298095626497,2.37409642769142,2.2130645080380957,3.116884885043688,3.357728140322997
raw_gray_ncc,原始灰度 NCC,1,translation,5,5,24,spatial_farthest_with_margin_tiebreak,8.224383386016205,6.701985496735859,10.609292703975942,10.605188973211014,12.53115123415485,12.660774559081078,6.856711401488137,6.854008865017949,8.098757768667852,8.182504742186715
raw_gray_ncc,原始灰度 NCC,1,translation,10,10,24,spatial_farthest_with_margin_tiebreak,9.168903030242678,6.007897245103068,10.961916442197067,11.020840592216192,12.892070527419001,13.006559475862511,7.084609794880539,7.12263961636039,8.33201633621018,8.405981331876397
raw_gray_ncc,原始灰度 NCC,1,translation,20,20,24,spatial_farthest_with_margin_tiebreak,8.538123075990207,6.065569625062355,10.47333187372746,10.496401271989097,12.389465267732104,12.509594169924073,6.768840951129896,6.783700653537374,8.00718756054749,8.084798693830543
raw_gray_ncc,原始灰度 NCC,1,affine,5,5,24,spatial_farthest_with_margin_tiebreak,7.151091591498789,6.602979923454373,9.733316742999078,8.880492011942398,14.046193692038564,14.934582805294284,6.29060423795944,5.739412569176318,9.0779087184399,9.652222005032183
raw_gray_ncc,原始灰度 NCC,1,affine,10,10,24,spatial_farthest_with_margin_tiebreak,7.724101835522764,5.816698924423555,9.669319290566232,8.842954294046748,14.019918579973474,14.766011910226466,6.249243405300714,5.715140978242199,9.06093364449002,9.54327431317923
raw_gray_ncc,原始灰度 NCC,1,affine,20,20,24,spatial_farthest_with_margin_tiebreak,8.59553365118607,5.550602239790108,10.23192963096576,9.595322561732512,14.32443665585429,15.792484482889064,6.612861771964112,6.20139121524158,9.257849439471633,10.206704260084878
raw_gray_ncc,原始灰度 NCC,2,translation,5,5,24,spatial_farthest_with_margin_tiebreak,7.41748169146845,6.077674931324605,9.589429973367615,9.616066382610178,10.978444919558385,11.218023905744301,6.19758126380961,6.2147532319123275,7.095322164437427,7.25012564855628
raw_gray_ncc,原始灰度 NCC,2,translation,10,10,24,spatial_farthest_with_margin_tiebreak,9.142002989796728,5.799057456440514,10.826139018530597,10.918073288600946,12.292308380760716,12.519416300811248,6.996857565439864,7.056225337634958,7.944466626463761,8.09120598726102
raw_gray_ncc,原始灰度 NCC,2,translation,20,20,24,spatial_farthest_with_margin_tiebreak,8.07130481799206,5.850248935919637,9.968519151667946,10.02209589157767,11.39423891974968,11.62644174827894,6.442583925883623,6.477165439034447,7.36404810933232,7.514083112176456
raw_gray_ncc,原始灰度 NCC,2,affine,5,5,24,spatial_farthest_with_margin_tiebreak,3.028136564848204,3.3803501626215566,4.538323289201229,3.8892979780924053,6.347633872051496,7.229711616054356,2.9330916027576213,2.5136218106997723,4.1024849706722,4.67253220211236
raw_gray_ncc,原始灰度 NCC,2,affine,10,10,24,spatial_farthest_with_margin_tiebreak,3.2029680629839556,3.4475473424152243,4.705803554196613,3.7268399078901884,7.012348121255211,7.942870375119202,3.0413318649614896,2.4086304375211487,4.532027424203167,5.133424888251922
raw_gray_ncc,原始灰度 NCC,2,affine,20,20,24,spatial_farthest_with_margin_tiebreak,3.4217126167349594,3.3563522844342213,4.793038481876608,3.7740544294984577,7.163173087924905,8.007818221192277,3.0977104520874446,2.439144885070534,4.629503069085905,5.1754000154647715
raw_gray_ncc,原始灰度 NCC,3,translation,5,5,24,spatial_farthest_with_margin_tiebreak,9.300214546920648,6.377861061559754,11.277016553118761,11.823816141200801,12.397098930740038,13.267413128201403,7.288247369747173,7.641606607045125,8.012260243566828,8.574660153231857
raw_gray_ncc,原始灰度 NCC,3,translation,10,10,24,spatial_farthest_with_margin_tiebreak,8.311673337971344,6.48695483017329,10.543457528052754,11.01986598971953,11.726214037431344,12.47694831070085,6.814154050526547,7.1220221961434635,7.578666514212534,8.063786920823757
raw_gray_ncc,原始灰度 NCC,3,translation,20,20,24,spatial_farthest_with_margin_tiebreak,8.007993379736245,5.984506269481009,9.997113246300506,10.481192776020137,11.144516770185383,11.935013746695727,6.4610561955805546,6.773883507483436,7.202714856943944,7.713537349570482
raw_gray_ncc,原始灰度 NCC,3,affine,5,5,24,spatial_farthest_with_margin_tiebreak,6.98467994062131,4.120396500634617,8.109464914244324,6.538804804524851,13.167163647276784,13.86484003017377,5.241092882381639,4.225986399740833,8.5098023091928,8.96085383850095
raw_gray_ncc,原始灰度 NCC,3,affine,10,10,24,spatial_farthest_with_margin_tiebreak,6.81198016424046,3.9590779607590143,7.878919472705203,6.137050788088114,12.950729219001708,13.30892992726378,5.0920913190208354,3.9663353769843797,8.370027489435518,8.601461524130148
raw_gray_ncc,原始灰度 NCC,3,affine,20,20,24,spatial_farthest_with_margin_tiebreak,6.657663094791659,3.7467850729687515,7.639559952430002,5.478794227014465,12.662554207594479,13.021227618843767,4.937393360671168,3.540908477178975,8.183701142058684,8.415492662128855
raw_gray_ncc,原始灰度 NCC,4,translation,5,5,24,spatial_farthest_with_margin_tiebreak,2.7403717850278166,3.311682742367919,4.298474160242684,4.217574640067744,5.455212280074862,5.457134704005803,2.778071642192253,2.725771372420589,3.525684383254781,3.526885915706798
raw_gray_ncc,原始灰度 NCC,4,translation,10,10,24,spatial_farthest_with_margin_tiebreak,3.3590162864256725,3.358774151032936,4.750195176002764,4.586343982130376,5.872072139612743,5.874062832870735,3.070015528334193,2.9640959262056024,3.7950994348235425,3.7963419627931727
raw_gray_ncc,原始灰度 NCC,4,translation,20,20,24,spatial_farthest_with_margin_tiebreak,3.2110028624055995,3.6957908982989203,4.895856385386125,4.69275349147798,6.095459974129898,6.0974191415372845,3.164155231478699,3.032867042074665,3.9394742014552158,3.940694679461928
raw_gray_ncc,原始灰度 NCC,4,affine,5,5,24,spatial_farthest_with_margin_tiebreak,4.409137472470297,4.096449034452251,6.018420718345182,4.274157607256671,10.008003262502267,11.237866755588215,3.88967340577788,2.76234031030438,6.468075988981394,7.2630551695437395
raw_gray_ncc,原始灰度 NCC,4,affine,10,10,24,spatial_farthest_with_margin_tiebreak,4.1398990576185986,3.933762469272077,5.710801289830081,4.06905776100789,9.69441120437227,10.514583525460916,3.690859969359283,2.6297865706702925,6.265395426440629,6.795591771304706
raw_gray_ncc,原始灰度 NCC,4,affine,20,20,24,spatial_farthest_with_margin_tiebreak,3.8957491695977233,3.899145129742181,5.511823140777788,4.266030113552299,9.89306937818681,10.048930948861125,3.5622590643136527,2.757094245890908,6.39383857694236,6.494514308699437
raw_scharr_ncc,原始 Scharr NCC,0,translation,5,5,24,spatial_farthest_with_margin_tiebreak,1.734828470100453,1.5080792511693977,2.2986806756221556,1.0185804014675406,4.1378290538127445,5.161756089046306,1.4856212648172387,0.6583029217500282,2.6742436999094523,3.335987135281392
raw_scharr_ncc,原始 Scharr NCC,0,translation,10,10,24,spatial_farthest_with_margin_tiebreak,1.693539782058285,1.5356037665553672,2.28607872158267,0.8870177090515754,4.166580503727632,5.053741155806858,1.477476666627804,0.5732730368420635,2.6928256563014656,3.2661783526778807
raw_scharr_ncc,原始 Scharr NCC,0,translation,20,20,24,spatial_farthest_with_margin_tiebreak,1.6388522075505338,1.5739786642125406,2.272277578463853,1.0516709427427533,4.12228692379092,4.900885928470841,1.468557079670643,0.6796883698018419,2.6641992188282204,3.1673897485189793
raw_scharr_ncc,原始 Scharr NCC,0,translation,50,50,24,spatial_farthest_with_margin_tiebreak,1.6138385430295685,1.5808821692396329,2.2591288754711645,1.1428809820917258,4.076930018543729,4.823306621417612,1.4600591822696,0.7386368492370983,2.634878710128579,3.1172623388704293
raw_scharr_ncc,原始 Scharr NCC,0,affine,5,5,24,spatial_farthest_with_margin_tiebreak,1.656513625079199,1.4534481532811747,2.203757909651032,1.3253056920920099,3.6678602619295755,5.042554269129384,1.4242727873376315,0.8565455344084728,2.3705067433399414,3.2589480422795964
raw_scharr_ncc,原始 Scharr NCC,0,affine,10,10,24,spatial_farthest_with_margin_tiebreak,1.651985189484723,1.5204284256723903,2.2451631708785666,1.0428033128276497,3.9748373244367,5.018247597515347,1.4510331087471466,0.6739627503493575,2.5689036382058545,3.2432391479508524
raw_scharr_ncc,原始 Scharr NCC,0,affine,20,20,24,spatial_farthest_with_margin_tiebreak,1.6323693363189642,1.5577100096204335,2.2563444161355575,0.9965449165406388,4.037827111356321,4.844069317413821,1.4582597519845757,0.6440661453911516,2.609613590644086,3.130669772321236
raw_scharr_ncc,原始 Scharr NCC,0,affine,50,50,24,spatial_farthest_with_margin_tiebreak,1.6316043322134965,1.5550977750487762,2.2539879739828925,1.053450436728051,4.017866022116959,4.822420838608718,1.4567367717334463,0.6808384020071715,2.596706265446634,3.1166899013881495
raw_scharr_ncc,原始 Scharr NCC,1,translation,5,5,24,spatial_farthest_with_margin_tiebreak,2.5520075438029344,1.5770858773563283,2.999990394681934,1.222290056204197,2.773626788747879,3.524247835501803,1.9388601642253986,0.7899583907582067,1.7925822574397292,2.2776843601161856
raw_scharr_ncc,原始 Scharr NCC,1,translation,10,10,24,spatial_farthest_with_margin_tiebreak,2.495184113920169,1.579111367299584,2.952886125927369,1.204576206548324,2.86433264658851,3.38509640911641,1.9084171553400953,0.778509750753767,1.8512051768807085,2.1877525740856654
raw_scharr_ncc,原始 Scharr NCC,1,translation,20,20,24,spatial_farthest_with_margin_tiebreak,2.460708162964476,1.6067175226816794,2.9388136825890068,1.3061175911338019,2.945562648796522,3.2075616922042047,1.899322281920195,0.8441307962451758,1.9037037233321865,2.0730139994905494
raw_scharr_ncc,原始 Scharr NCC,1,translation,50,50,24,spatial_farthest_with_margin_tiebreak,2.4515040514608692,1.5886666416892754,2.9212555199340806,1.3005041402341315,2.9567078070998134,3.2284575663617434,1.8879746854357522,0.8404978307307953,1.9108897282107917,2.0865361068910304
raw_scharr_ncc,原始 Scharr NCC,1,affine,5,5,24,spatial_farthest_with_margin_tiebreak,2.5713770339414843,1.5494240694459787,3.0021150540344457,1.211891155568296,2.847866852730457,3.3665296235500017,1.9402333089565709,0.7832377992558252,1.8405649259642507,2.1757528716464356
raw_scharr_ncc,原始 Scharr NCC,1,affine,10,10,24,spatial_farthest_with_margin_tiebreak,2.512762128406414,1.546437321836536,2.9504985857177584,1.2681836027177549,2.9260546406184784,3.275426835818255,1.9068742209041958,0.8196184944123288,1.8910974103723444,2.116874350291125
raw_scharr_ncc,原始 Scharr NCC,1,affine,20,20,24,spatial_farthest_with_margin_tiebreak,2.4485028307373926,1.5796094014557427,2.913817422780019,1.2837473659220784,2.9238426461613374,3.1154236463158678,1.8831678436613049,0.8296773167523724,1.8896677903892254,2.013466076482343
raw_scharr_ncc,原始 Scharr NCC,1,affine,50,50,24,spatial_farthest_with_margin_tiebreak,2.389743816981746,1.5860257632279147,2.868161995499064,1.2439687425862656,2.875174763180569,3.353451715716062,1.8536610813079417,0.8039631418520945,1.8582139711216248,2.1673009308547986
raw_scharr_ncc,原始 Scharr NCC,2,translation,5,5,24,spatial_farthest_with_margin_tiebreak,1.929766657686369,1.7338771166056195,2.5942878037347046,1.1679628358977323,2.379519051020823,2.585106171443826,1.6766673848902456,0.7548445543204589,1.5378679467693706,1.670728231608287
raw_scharr_ncc,原始 Scharr NCC,2,translation,10,10,24,spatial_farthest_with_margin_tiebreak,1.8408508299610418,1.77823055661717,2.5594600388861846,0.9680588586258603,2.1575173741458844,2.5143412530004294,1.6541585049063068,0.625650513804663,1.3943845621819952,1.6250005164678603
raw_scharr_ncc,原始 Scharr NCC,2,translation,20,20,24,spatial_farthest_with_margin_tiebreak,1.8019986856644121,1.8027418070460148,2.548936500976005,0.9139517505423476,2.102617458177877,2.486271260829264,1.6473572834810444,0.590688780813099,1.3589094392626977,1.6068613046786606
raw_scharr_ncc,原始 Scharr NCC,2,translation,50,50,24,spatial_farthest_with_margin_tiebreak,1.781903340280106,1.752137529929367,2.4990329005213967,0.8349104915201498,2.1903379631546467,2.294920268796108,1.6151050583108872,0.5395972941735683,1.4155967105222298,1.4831902515157227
raw_scharr_ncc,原始 Scharr NCC,2,affine,5,5,24,spatial_farthest_with_margin_tiebreak,2.044021560577719,1.7141104874896482,2.667620457154386,1.097519832665263,2.2159944579253175,2.4259708908323865,1.7240616296447329,0.7093250756173262,1.4321770645932415,1.5678873483244649
raw_scharr_ncc,原始 Scharr NCC,2,affine,10,10,24,spatial_farthest_with_margin_tiebreak,1.9542533903050479,1.727297712970163,2.60819165376142,1.083638569131736,2.0510672444033213,2.490881781018865,1.6856533190818792,0.7003427554431652,1.3255894726654285,1.6098402948880903
raw_scharr_ncc,原始 Scharr NCC,2,affine,20,20,24,spatial_farthest_with_margin_tiebreak,1.8517245916919374,1.7807294654707617,2.5690234317095006,1.0013213926681743,2.055347807880531,2.46095451470012,1.6603393282962318,0.6471476615556502,1.328362049458427,1.590499244006868
raw_scharr_ncc,原始 Scharr NCC,2,affine,50,50,24,spatial_farthest_with_margin_tiebreak,1.7193917326797825,1.7617102038906276,2.4616926641845325,0.8598457763712983,2.2401009665794596,2.2863444811825926,1.5909723692816737,0.5557185456559395,1.4477580616162602,1.4776477426091617
raw_scharr_ncc,原始 Scharr NCC,3,translation,5,5,24,spatial_farthest_with_margin_tiebreak,2.1261053007443107,1.3679752706994652,2.5281772269954357,1.2008519634616106,4.648790762529982,5.310286634767101,1.6339401333480952,0.776104507568103,3.0044616141501126,3.4319785411251895
raw_scharr_ncc,原始 Scharr NCC,3,translation,10,10,24,spatial_farthest_with_margin_tiebreak,2.0370716075994153,1.3682055111170197,2.453904451102091,1.0334408467579945,4.447177849868381,5.109544173130696,1.585938431811869,0.6679075955663184,2.8741614427977016,3.3022409451069663
raw_scharr_ncc,原始 Scharr NCC,3,translation,20,20,24,spatial_farthest_with_margin_tiebreak,1.9175595039577504,1.382395336010223,2.36390594488053,1.1950131047881558,4.0887816833068875,4.754575419834067,1.5277734802180767,0.7723262728444963,2.64253400811971,3.0728286307792145
raw_scharr_ncc,原始 Scharr NCC,3,translation,50,50,24,spatial_farthest_with_margin_tiebreak,1.9091228161915088,1.3708788231252798,2.3503316095811564,1.1703587971058762,4.078508092552865,4.736909175483893,1.5190005705380656,0.7563924144752405,2.6358942984995655,3.061411135585841
raw_scharr_ncc,原始 Scharr NCC,3,affine,5,5,24,spatial_farthest_with_margin_tiebreak,2.0916262683579574,1.3798009760192038,2.505743638105978,1.216917058724635,4.551973243200369,5.3558077986153005,1.6194414345081087,0.7864823136232288,2.9418895699464236,3.4613983572607725
raw_scharr_ncc,原始 Scharr NCC,3,affine,10,10,24,spatial_farthest_with_margin_tiebreak,2.0357627689067104,1.389085437145095,2.4645259996509057,1.0930944962608233,4.420912024735022,5.180950573756858,1.5928031354550227,0.706457679470909,2.8571861590089087,3.348390098891505
raw_scharr_ncc,原始 Scharr NCC,3,affine,20,20,24,spatial_farthest_with_margin_tiebreak,1.9274290930466154,1.394193101731206,2.3788142663178604,1.2243819640694926,4.101035738380756,4.792081308930292,1.5374087264943095,0.7913104392895443,2.6504536741070566,3.097068265267592
raw_scharr_ncc,原始 Scharr NCC,3,affine,50,50,24,spatial_farthest_with_margin_tiebreak,1.9303900169783166,1.374173528261565,2.3695481644027376,1.4161514789009837,4.113302428930383,4.723047466980763,1.5314201185724479,0.9152463500930756,2.6583814773321826,3.0524524693862616
raw_scharr_ncc,原始 Scharr NCC,4,translation,5,5,24,spatial_farthest_with_margin_tiebreak,2.0311827933291635,1.3652681135999885,2.447378303803753,1.1663327026536376,4.633153136259154,5.310286634767101,1.5817215849889799,0.7537912948720561,2.9943619190050295,3.4319785411251895
raw_scharr_ncc,原始 Scharr NCC,4,translation,10,10,24,spatial_farthest_with_margin_tiebreak,1.9059245468427812,1.381907673478965,2.354191410288872,0.970117260614999,4.346199491380538,5.0186890586418444,1.5214956488410043,0.6269750077105276,2.808906462625799,3.2435223061774034
raw_scharr_ncc,原始 Scharr NCC,4,translation,20,20,24,spatial_farthest_with_margin_tiebreak,1.870771865322494,1.3710103727530534,2.319365605996319,0.9905411945239728,4.26651490783524,4.94168823564625,1.498988042690958,0.6401761645043413,2.757407059820633,3.1937575399037534
raw_scharr_ncc,原始 Scharr NCC,4,translation,50,50,24,spatial_farthest_with_margin_tiebreak,1.8129271444968758,1.3682018389418353,2.2712730138266988,1.1237685457009938,4.100130471915041,4.776749566471171,1.4679062326108263,0.7262795745147573,2.6498743539329572,3.0871595323417322
raw_scharr_ncc,原始 Scharr NCC,4,affine,5,5,24,spatial_farthest_with_margin_tiebreak,2.01707433164587,1.3861146641098687,2.447427776553385,1.0526124996527666,4.540403811028978,5.3558077986153005,1.5817531777215625,0.6802970637547201,2.9344183788041844,3.4613983572607725
raw_scharr_ncc,原始 Scharr NCC,4,affine,10,10,24,spatial_farthest_with_margin_tiebreak,1.9292888994420838,1.4349490642237228,2.404419779162321,1.1602250212910272,4.36821796350629,5.174168312529859,1.5539576040921943,0.7498432756964719,2.8231363020380056,3.344006799624274
raw_scharr_ncc,原始 Scharr NCC,4,affine,20,20,24,spatial_farthest_with_margin_tiebreak,1.8755607562899417,1.3844876336121423,2.3312087332883444,0.9921322027677583,4.308750202700156,4.986369548486003,1.5066422616043744,0.6412086443548509,2.784703322720485,3.2226345700784758
raw_scharr_ncc,原始 Scharr NCC,4,affine,50,50,24,spatial_farthest_with_margin_tiebreak,1.809890689148333,1.3878077164116478,2.2807267623276446,1.1664584435988186,4.09785303630657,4.751848572916744,1.4740164079993365,0.7538695530346826,2.6484025461699727,3.0710663002668506
compact_64B_orientation_l1,64 B 方向空间码 / L1,0,translation,5,5,24,spatial_farthest_with_margin_tiebreak,1.6202630019495523,3.2231459189297547,3.6074813665769794,3.1730726082386793,4.815592044499871,5.077293392908601,2.3314904695606393,2.050739077803093,3.112318392964041,3.2814438770574306
compact_64B_orientation_l1,64 B 方向空间码 / L1,0,translation,10,10,24,spatial_farthest_with_margin_tiebreak,1.7004280649256118,2.774649167659054,3.254248547295941,3.0894520983264946,4.405233717945412,4.626491947444881,2.103198745940679,1.9966936182624213,2.8471051970335064,2.99009186532554
compact_64B_orientation_l1,64 B 方向空间码 / L1,0,affine,5,5,24,spatial_farthest_with_margin_tiebreak,2.4386246414209554,7.930421778441207,8.296895788529593,8.14541394961254,9.73353164542328,9.917993468738358,5.362223691513329,5.264298971845817,6.29075917824588,6.409907038566207
compact_64B_orientation_l1,64 B 方向空间码 / L1,0,affine,10,10,24,spatial_farthest_with_margin_tiebreak,2.6536888948823236,6.650206721204484,7.160119704695939,7.250221358057617,8.333832263573822,8.748804164084824,4.62753627854582,4.685754291865032,5.3860678982322625,5.654317503784383
compact_64B_orientation_l1,64 B 方向空间码 / L1,0,affine,20,20,24,spatial_farthest_with_margin_tiebreak,2.930226857217394,6.34302806172502,6.98714780340227,7.0310788623946845,8.479136677351326,8.625876199657515,4.51574853101944,4.544129802888694,5.479990648485704,5.5748694273598725
compact_64B_orientation_l1,64 B 方向空间码 / L1,1,translation,5,5,24,spatial_farthest_with_margin_tiebreak,2.8868796587509795,3.4973179249557473,4.534898767594151,3.919017076511267,5.852919380790322,6.588227640698303,2.93086895031734,2.5328391030156987,3.78267206294825,4.257938823436448
compact_64B_orientation_l1,64 B 方向空间码 / L1,1,translation,10,10,24,spatial_farthest_with_margin_tiebreak,3.015907289042049,4.27844684690454,5.234577747811599,4.7214050730268475,6.685801229321176,7.3482513260005415,3.3830674535859404,3.051417521369773,4.32095367857541,4.74913815623848
compact_64B_orientation_l1,64 B 方向空间码 / L1,1,affine,5,5,24,spatial_farthest_with_margin_tiebreak,3.9471925583121195,4.6167530368835985,6.074103859498,5.644504500407502,8.817205528616796,8.909152856535437,3.9256360992215873,3.648022680106087,5.698442792905639,5.757871904981458
compact_64B_orientation_l1,64 B 方向空间码 / L1,1,affine,10,10,24,spatial_farthest_with_margin_tiebreak,2.7375255458000223,9.320473670962304,9.714179098874451,7.498160915249006,13.896250543299704,14.581146004256697,6.27822146631174,4.846026179140389,8.98094950018723,9.423573388394672
compact_64B_orientation_l1,64 B 方向空间码 / L1,1,affine,20,20,24,spatial_farthest_with_margin_tiebreak,2.6732952731931277,10.62496184587515,10.956108882444505,8.468088918854324,15.605761752039214,16.045207503343423,7.080881891635764,5.47288363652319,10.085851144004796,10.369774115255597
compact_64B_orientation_l1,64 B 方向空间码 / L1,2,translation,5,5,24,spatial_farthest_with_margin_tiebreak,2.3745718384944645,3.4545065560332757,4.191921631167246,3.628479039824003,5.335197977268676,5.358936985227032,2.709209126306637,2.3450371906745797,3.4480890216771853,3.463447848046512
compact_64B_orientation_l1,64 B 方向空间码 / L1,2,translation,10,10,24,spatial_farthest_with_margin_tiebreak,1.9320590040937162,2.760287071728167,3.3692783668983575,2.5313297340667607,4.291743216522138,4.4432624776073055,2.1775401089048194,1.635972380353913,2.773729476700315,2.8716369165844684
compact_64B_orientation_l1,64 B 方向空间码 / L1,2,affine,5,5,24,spatial_farthest_with_margin_tiebreak,2.5476003041986877,5.470962786792299,6.035039446798953,3.7698361124035102,10.172061600909883,10.877059923425167,3.9004058843352793,2.4364269300122245,6.574186793162596,7.029928087402914
compact_64B_orientation_l1,64 B 方向空间码 / L1,2,affine,10,10,24,spatial_farthest_with_margin_tiebreak,2.0732507637335855,5.65702772531568,6.024975635993243,3.95790484632335,10.25080032342782,10.847508857742918,3.8939020806419147,2.5579748533969004,6.625075780607444,7.010828911683333
compact_64B_orientation_l1,64 B 方向空间码 / L1,2,affine,20,20,24,spatial_farthest_with_margin_tiebreak,2.1929559022291456,5.454502667844686,5.878831086419003,3.8988996512431786,9.933423893222137,10.71773052870242,3.799450756547806,2.519839889086099,6.419957316909008,6.92695223253837
compact_64B_orientation_l1,64 B 方向空间码 / L1,3,translation,5,5,24,spatial_farthest_with_margin_tiebreak,1.8529512421833731,3.354712767905113,3.832430829258956,3.1975994460104245,5.0206400691599855,5.209865753904749,2.47687031292148,2.066580713201571,3.2447907109248506,3.3670801403516006
compact_64B_orientation_l1,64 B 方向空间码 / L1,3,translation,10,10,24,spatial_farthest_with_margin_tiebreak,1.9412983238025816,2.548785748136662,3.2038957492251954,2.7624312074104256,4.25959015530097,4.439349710274722,2.070653599223842,1.785333236902074,2.752933304437091,2.8691102855425497
compact_64B_orientation_l1,64 B 方向空间码 / L1,3,affine,5,5,24,spatial_farthest_with_margin_tiebreak,3.3301674564091353,5.668196772221753,6.574075595576278,6.1953540857897,8.885971795707123,9.1733331106186,4.248780686589795,4.003995491818132,5.7429858424592535,5.928678039407892
compact_64B_orientation_l1,64 B 方向空间码 / L1,3,affine,10,10,24,spatial_farthest_with_margin_tiebreak,1.9733307665679114,7.593917226278986,7.846120898498839,7.593342434462202,9.39693245477028,11.259922681211382,5.070894695687263,4.907508713777492,6.07316023611721,7.27729648682223
compact_64B_orientation_l1,64 B 方向空间码 / L1,3,affine,20,20,24,spatial_farthest_with_margin_tiebreak,2.7336353885510825,6.773951045018991,7.304736490651302,7.191635968406899,8.954273760777657,9.091517939405334,4.720996133023882,4.647917062811647,5.787092355625222,5.8757880201729495
compact_64B_orientation_l1,64 B 方向空间码 / L1,4,translation,5,5,24,spatial_farthest_with_margin_tiebreak,1.8475153478131425,2.61500074203192,3.2018029048073227,2.8549565140210253,4.210938968036542,4.3423220309712685,2.0693012060617724,1.845135439623371,2.721487552848214,2.8063940830776954
compact_64B_orientation_l1,64 B 方向空间码 / L1,4,translation,10,10,24,spatial_farthest_with_margin_tiebreak,1.8524274432780823,3.323802249779858,3.8051476749597275,3.4321515782476797,4.995416759212118,4.997080245385668,2.4592383134909697,2.2181786494787104,3.228520165806538,3.229557797956563
compact_64B_orientation_l1,64 B 方向空间码 / L1,4,affine,5,5,24,spatial_farthest_with_margin_tiebreak,2.482141023112699,4.786926715786781,5.392188001259987,4.009096657089454,8.05866632903403,9.296909833545707,3.484921156197556,2.5910500198680424,5.208214358270358,6.008482642289232
compact_64B_orientation_l1,64 B 方向空间码 / L1,4,affine,10,10,24,spatial_farthest_with_margin_tiebreak,2.0611427935797924,5.236251946615029,5.627312330407439,3.6414524558287162,8.817570774241624,9.865741578811212,3.6368816042936865,2.353446965896222,5.698788283354494,6.376132935360267
compact_64B_orientation_l1,64 B 方向空间码 / L1,4,affine,20,20,24,spatial_farthest_with_margin_tiebreak,2.1931465558566523,5.364756067328575,5.795731142608727,4.0869239504914185,9.085436804454405,9.96385678975937,3.7457295487525077,2.6413523929344844,5.871904008206257,6.439544185185667
compact_128B_dct_sign_hamming,128 B DCT 符号码 / Hamming,0,translation,5,5,24,spatial_farthest_with_margin_tiebreak,8.7614062692416,5.798782998406006,10.50657527823927,10.844276102421016,11.695661167985865,11.760863332138888,6.790326528359264,7.008547565568815,7.558888283098281,7.601020855215408
compact_128B_dct_sign_hamming,128 B DCT 符号码 / Hamming,0,translation,10,10,24,spatial_farthest_with_margin_tiebreak,8.512804147492858,5.854428243544769,10.331609967105141,10.661467424861812,11.54034863496938,11.612304028207673,6.677247684247369,6.890400139126445,7.4585100920466365,7.505007294344343
compact_128B_dct_sign_hamming,128 B DCT 符号码 / Hamming,0,translation,20,20,24,spatial_farthest_with_margin_tiebreak,8.34988046759383,5.695374616402775,10.107313977722768,10.432949958412948,11.307495704362967,11.378719161256912,6.532286765170033,6.742711577921701,7.308017596728503,7.3540418936575085
compact_128B_dct_sign_hamming,128 B DCT 符号码 / Hamming,0,affine,5,5,24,spatial_farthest_with_margin_tiebreak,8.362606931614154,4.905886251393055,9.69540688183268,9.04374929666808,12.67350835667253,14.534483625620371,6.266067858060652,5.8449501378432345,8.190742763995399,9.393494132698875
compact_128B_dct_sign_hamming,128 B DCT 符号码 / Hamming,0,affine,10,10,24,spatial_farthest_with_margin_tiebreak,8.240342570601797,5.662962310711813,9.99861929535347,9.724585799286281,13.178783061248122,14.694321817046681,6.462028530921513,6.284911362651963,8.517294762704662,9.496795551404178
compact_128B_dct_sign_hamming,128 B DCT 符号码 / Hamming,0,affine,20,20,24,spatial_farthest_with_margin_tiebreak,8.47157155510776,6.073464176073199,10.423746529504418,10.184416947449478,12.804890666059771,12.928343632519603,6.736782389575079,6.58211271321301,8.27565062922658,8.355426514855575
compact_128B_dct_sign_hamming,128 B DCT 符号码 / Hamming,1,translation,5,5,24,spatial_farthest_with_margin_tiebreak,9.31843906840083,6.220731971956212,11.204053415546408,11.267478821032519,13.14405767840667,13.259821287150228,7.241101222143015,7.282039002041341,8.494873115313807,8.56966136284574
compact_128B_dct_sign_hamming,128 B DCT 符号码 / Hamming,1,translation,10,10,24,spatial_farthest_with_margin_tiebreak,9.389311013870723,6.463207585853225,11.39878123366813,11.462134151862196,13.347197416960578,13.465080564197821,7.366952434919893,7.407842452314378,8.626160297486955,8.702317939268424
compact_128B_dct_sign_hamming,128 B DCT 符号码 / Hamming,1,translation,20,20,24,spatial_farthest_with_margin_tiebreak,8.705171679310219,5.749083593699388,10.432256521654756,10.469647468148963,12.342821640509754,12.457896361155193,6.74229427128781,6.766409984854368,7.977042259413098,8.05138702825834
compact_128B_dct_sign_hamming,128 B DCT 符号码 / Hamming,1,affine,5,5,24,spatial_farthest_with_margin_tiebreak,9.454940714023424,8.339909042017602,12.607536901981478,11.175176004763077,18.02227787346648,18.252182651650273,8.14812363960153,7.22245082334541,11.647552861399676,11.79611075796465
compact_128B_dct_sign_hamming,128 B DCT 符号码 / Hamming,1,affine,10,10,24,spatial_farthest_with_margin_tiebreak,9.521752629975813,8.106861291910517,12.50539776067632,11.255680943890134,17.753561798371532,17.94454989183211,8.082113110765507,7.274480731213266,11.473885348575477,11.59729234017506
compact_128B_dct_sign_hamming,128 B DCT 符号码 / Hamming,1,affine,20,20,24,spatial_farthest_with_margin_tiebreak,9.44669065213926,8.11776248842401,12.455441866737576,12.09664103181184,15.641744124411874,15.692990976810117,8.049842354986948,7.817941373045786,10.109051402363177,10.14216258576989
compact_128B_dct_sign_hamming,128 B DCT 符号码 / Hamming,2,translation,5,5,24,spatial_farthest_with_margin_tiebreak,8.31444439916232,6.035609058719082,10.274169668467302,10.336877197148418,11.705977730845834,11.940919167815538,6.640123685782041,6.680604980583279,7.565523570139021,7.717327536176884
compact_128B_dct_sign_hamming,128 B DCT 符号码 / Hamming,2,translation,10,10,24,spatial_farthest_with_margin_tiebreak,8.524615350745385,6.0935006483314345,10.47854078721744,10.548845266655904,11.917508482712597,12.15272508029023,6.772207290318471,6.8175975087924705,7.702234998517521,7.854216132010743
compact_128B_dct_sign_hamming,128 B DCT 符号码 / Hamming,2,translation,20,20,24,spatial_farthest_with_margin_tiebreak,8.431994513321637,5.9176657414072915,10.301325123483469,10.368507165519794,11.740333588179874,11.972470919780417,6.6576740664111,6.701047065770238,7.587727629915936,7.737719210492358
compact_128B_dct_sign_hamming,128 B DCT 符号码 / Hamming,2,affine,5,5,24,spatial_farthest_with_margin_tiebreak,8.625570618731619,7.237675153476976,11.259858352838375,10.461699544915168,14.789786299815885,18.106691379701864,7.277197385006567,6.761303522838211,9.558543215683367,11.702475932823864
compact_128B_dct_sign_hamming,128 B DCT 符号码 / Hamming,2,affine,10,10,24,spatial_farthest_with_margin_tiebreak,8.932084572265609,6.600293519079975,11.106124857217951,10.32664447938424,14.525766594891953,18.09409102189582,7.177841612709631,6.674018651053567,9.387909136630398,11.694332653078616
compact_128B_dct_sign_hamming,128 B DCT 符号码 / Hamming,2,affine,20,20,24,spatial_farthest_with_margin_tiebreak,8.798635491264418,6.338631147162239,10.844087390274625,9.935099609090685,14.733780602365984,17.45489361642413,7.0084860215457425,6.420987380977559,9.522346641425083,11.281141004597407
compact_128B_dct_sign_hamming,128 B DCT 符号码 / Hamming,3,translation,5,5,24,spatial_farthest_with_margin_tiebreak,9.075102927237488,6.292226744194864,11.043079757944136,11.581045397485145,12.165899151243064,13.026042772745111,7.1370559104455955,7.484706477961004,7.862835542517152,8.418663740976974
compact_128B_dct_sign_hamming,128 B DCT 符号码 / Hamming,3,translation,10,10,24,spatial_farthest_with_margin_tiebreak,8.723065289454134,6.3745487236766065,10.804014970121365,11.314962583319613,11.953557653816697,12.765713985793575,6.982550249582307,7.312739987942095,7.725598972305211,8.250414631340838
compact_128B_dct_sign_hamming,128 B DCT 符号码 / Hamming,3,translation,20,20,24,spatial_farthest_with_margin_tiebreak,8.496133173206465,5.978863847988406,10.388988969560133,10.907759213098997,11.509108084193047,12.354923194313056,6.714322329908184,7.049568842583405,7.438350670342629,7.9849226141355745
compact_128B_dct_sign_hamming,128 B DCT 符号码 / Hamming,3,affine,5,5,24,spatial_farthest_with_margin_tiebreak,14.372718951026858,7.546504045267633,16.233446132920985,15.894541593073987,21.70939601510801,26.117356259032714,10.491586796637153,10.272499933903035,14.030632071166746,16.87967575015549
compact_128B_dct_sign_hamming,128 B DCT 符号码 / Hamming,3,affine,10,10,24,spatial_farthest_with_margin_tiebreak,9.611845527819757,7.234358545101953,12.030108811218554,12.043407025418436,15.545602355889475,18.560489201185522,7.774987560123303,7.78357166069201,10.047013032186324,11.99566500058799
compact_128B_dct_sign_hamming,128 B DCT 符号码 / Hamming,3,affine,20,20,24,spatial_farthest_with_margin_tiebreak,9.144014663884196,7.131833928027215,11.596381304109023,11.338021375513115,15.080894057895259,17.69730884504066,7.494670697519623,7.3276836044841325,9.746656722564978,11.437783432837355
compact_128B_dct_sign_hamming,128 B DCT 符号码 / Hamming,4,translation,5,5,24,spatial_farthest_with_margin_tiebreak,9.053207008782973,6.263892484231873,11.008946643430228,11.267578215705473,12.167000866126143,12.169052579410026,7.11499868843226,7.282092844751217,7.863489586857508,7.864724344683227
compact_128B_dct_sign_hamming,128 B DCT 符号码 / Hamming,4,translation,10,10,24,spatial_farthest_with_margin_tiebreak,8.958508355626394,6.488361934312882,11.061361243014728,11.308022304921096,12.247349275314978,12.249402075915256,7.148873840172841,7.308231346488231,7.915418479264483,7.916653337289181
compact_128B_dct_sign_hamming,128 B DCT 符号码 / Hamming,4,translation,20,20,24,spatial_farthest_with_margin_tiebreak,8.725725030810882,6.07188632146216,10.63043182632196,10.88002201584203,11.78609372675754,11.788145859162984,6.870367464477056,7.031620189808139,7.617310651092906,7.61854853626618
compact_128B_dct_sign_hamming,128 B DCT 符号码 / Hamming,4,affine,5,5,24,spatial_farthest_with_margin_tiebreak,8.723339318931297,6.398094939295947,10.818145299701662,11.028303053969424,12.276702088491598,12.635277174018276,6.991688201607186,7.1274583751192715,7.934419061315782,8.166220259634944
compact_128B_dct_sign_hamming,128 B DCT 符号码 / Hamming,4,affine,10,10,24,spatial_farthest_with_margin_tiebreak,9.298059440261028,6.849442264065291,11.548539677525945,11.580790189756982,13.495863707082945,13.531976599652038,7.4637302650976425,7.484576130937551,8.722210302513243,8.745555193469265
compact_128B_dct_sign_hamming,128 B DCT 符号码 / Hamming,4,affine,20,20,24,spatial_farthest_with_margin_tiebreak,8.670480525956082,6.773927704587198,11.002878218809732,10.43714855085901,13.6258202363826,14.781053882977817,7.1110652473077325,6.745456226189885,8.806218779969216,9.552811883720404
compact_256B_mag_orientation_hamming,256 B 幅值方向空间码 / Hamming,0,translation,5,5,24,spatial_farthest_with_margin_tiebreak,1.574605367012059,1.9129592463886569,2.4776592058164573,1.1307409680271712,4.07058238338433,5.15810665393623,1.6012936514303884,0.7307866189800638,2.6307774861878106,3.333641068001103
compact_256B_mag_orientation_hamming,256 B 幅值方向空间码 / Hamming,0,translation,10,10,24,spatial_farthest_with_margin_tiebreak,1.6591494328411291,1.6546772688694704,2.343231466289741,1.5533158027194047,3.623284269772306,4.361858853805593,1.5144142688660263,1.0039026388659955,2.3416947962219132,2.819032801617555
compact_256B_mag_orientation_hamming,256 B 幅值方向空间码 / Hamming,0,translation,20,20,24,spatial_farthest_with_margin_tiebreak,1.6236683706003305,1.5094874769194635,2.2169464180860623,0.9873717235488808,3.905669749724474,4.866309496699468,1.4327970657885423,0.6381295067875092,2.5242012563927934,3.145043234980544
compact_256B_mag_orientation_hamming,256 B 幅值方向空间码 / Hamming,0,translation,50,50,24,spatial_farthest_with_margin_tiebreak,1.5742017414147162,1.6617242893977748,2.288982030651981,1.4389842067552108,3.94655318422586,4.8247430384181405,1.4793530550088543,0.9300065161474755,2.550617882744601,3.1181908030700556
compact_256B_mag_orientation_hamming,256 B 幅值方向空间码 / Hamming,0,affine,5,5,24,spatial_farthest_with_margin_tiebreak,2.0221388210288653,2.2185686186767444,3.001848118624466,1.864283252543042,4.393043004812909,5.665017713476953,1.9400766728377707,1.2048796702627929,2.839184041326425,3.661253640321985
compact_256B_mag_orientation_hamming,256 B 幅值方向空间码 / Hamming,0,affine,10,10,24,spatial_farthest_with_margin_tiebreak,2.0588314694578536,1.9849963966514599,2.859894703367462,2.4171600912078413,4.239324547828118,4.718470881786475,1.8483339605600309,1.562195461686711,2.739847466752014,3.049496749838823
compact_256B_mag_orientation_hamming,256 B 幅值方向空间码 / Hamming,0,affine,20,20,24,spatial_farthest_with_margin_tiebreak,2.018593532289088,1.9671402270896523,2.818574200129148,1.8078908644780474,4.645943352392186,5.170528467610696,1.8216256869494587,1.1684223944981116,3.002634978308223,3.3416568205998196
compact_256B_mag_orientation_hamming,256 B 幅值方向空间码 / Hamming,1,translation,5,5,24,spatial_farthest_with_margin_tiebreak,2.536180119686564,1.626063528839091,3.0126885334056674,1.2031750798270202,2.7954884074927246,3.3718395809144432,1.9470667404761959,0.7776047460498433,1.806711121986046,2.1791845646174175
compact_256B_mag_orientation_hamming,256 B 幅值方向空间码 / Hamming,1,translation,10,10,24,spatial_farthest_with_margin_tiebreak,2.4643266790169895,1.5756766107598748,2.925006455139994,1.2732203419460184,2.930954459376961,3.3361413073166415,1.8903989349332284,0.8228645573653892,1.8942627230713818,2.1561136303318653
compact_256B_mag_orientation_hamming,256 B 幅值方向空间码 / Hamming,1,translation,20,20,24,spatial_farthest_with_margin_tiebreak,2.5344924291573454,1.5774726655859135,2.9853093447960517,1.2161775893198796,2.7987433346366415,3.485476803920958,1.9293719435741412,0.7860078578105967,1.8088150076441833,2.252627140039185
compact_256B_mag_orientation_hamming,256 B 幅值方向空间码 / Hamming,1,translation,50,50,24,spatial_farthest_with_margin_tiebreak,2.4181324632647065,1.594816178667623,2.896688325249135,1.3720447399122684,2.755312899373056,3.3918142098015283,1.8720974465091125,0.8867442655263567,1.7807304108105269,2.1921131777168457
compact_256B_mag_orientation_hamming,256 B 幅值方向空间码 / Hamming,1,affine,5,5,24,spatial_farthest_with_margin_tiebreak,2.558668526652505,1.614232910565941,3.0253152759400614,1.8083235996601967,3.4533746907880447,3.6494238929823473,1.955232299693894,1.1686984624899626,2.231914120154187,2.358584684816525
compact_256B_mag_orientation_hamming,256 B 幅值方向空间码 / Hamming,1,affine,10,10,24,spatial_farthest_with_margin_tiebreak,2.386548839842581,1.558338766472273,2.850269298863582,1.7691355000480438,3.2577580240577197,3.9076338037488,1.8420990726522415,1.1433841465799075,2.105456070995596,2.5254585197274753
compact_256B_mag_orientation_hamming,256 B 幅值方向空间码 / Hamming,1,affine,20,20,24,spatial_farthest_with_margin_tiebreak,2.342382918336544,1.5472655684298555,2.807274207369737,1.445133140868498,3.3104776664707316,3.5872232025248154,1.8143111191524004,0.9339829162317068,2.1395281810905358,2.3183808075353007
compact_256B_mag_orientation_hamming,256 B 幅值方向空间码 / Hamming,1,affine,50,50,24,spatial_farthest_with_margin_tiebreak,2.3327124252780553,1.6772663080093424,2.873111471389496,1.8549511440106299,3.441908520611739,3.897937046173623,1.8568621931798581,1.1988485208075528,2.224491664695844,2.5191929008079446
compact_256B_mag_orientation_hamming,256 B 幅值方向空间码 / Hamming,2,translation,5,5,24,spatial_farthest_with_margin_tiebreak,1.8715598243628369,1.8048356182124603,2.6000322661339044,1.0674420804337061,2.130945319526922,2.6260090103039464,1.680379986057542,0.6898751746946294,1.3772111929730808,1.6971706419805024
compact_256B_mag_orientation_hamming,256 B 幅值方向空间码 / Hamming,2,translation,10,10,24,spatial_farthest_with_margin_tiebreak,1.7944749575773908,1.7184713640018248,2.484609466750594,0.9770131547333517,2.108021497455484,2.41936603728514,1.6057833183553234,0.6314418484452654,1.3624004437431252,1.563611902758312
compact_256B_mag_orientation_hamming,256 B 幅值方向空间码 / Hamming,2,translation,20,20,24,spatial_farthest_with_margin_tiebreak,1.8448517171116736,1.7171829770671534,2.520356172222312,0.9280133055216224,2.198292217367695,2.5517181589459796,1.628886054991894,0.5997761905336514,1.4207423049572938,1.6491497379694295
compact_256B_mag_orientation_hamming,256 B 幅值方向空间码 / Hamming,2,translation,50,50,24,spatial_farthest_with_margin_tiebreak,1.7733628695868486,1.740245414467211,2.484606602624137,0.9309964552352108,2.3046013887819083,2.4124811067171867,1.6057816148289854,0.6017007711492492,1.4894492810081301,1.5591765549923917
compact_256B_mag_orientation_hamming,256 B 幅值方向空间码 / Hamming,2,affine,5,5,24,spatial_farthest_with_margin_tiebreak,3.3084826535043694,1.5733806369301206,3.6635480203220956,2.853710751680874,5.213236271683948,5.658080295343918,2.36773027944451,1.8443403138243162,3.3693164759375263,3.6567902299614685
compact_256B_mag_orientation_hamming,256 B 幅值方向空间码 / Hamming,2,affine,10,10,24,spatial_farthest_with_margin_tiebreak,3.284969680701143,1.551201573875788,3.6328022415100563,2.785759648473298,5.262151310633994,5.656863744751157,2.3478599938214804,1.8004238334993716,3.4009307734470884,3.6560041430577113
compact_256B_mag_orientation_hamming,256 B 幅值方向空间码 / Hamming,2,affine,20,20,24,spatial_farthest_with_margin_tiebreak,1.6062913555396363,1.8019778071691062,2.413979274229864,1.562346789988684,3.9579362163236325,4.566073956778294,1.5601345046948052,1.009730721467671,2.5579682379896322,2.9510119834923896
compact_256B_mag_orientation_hamming,256 B 幅值方向空间码 / Hamming,3,translation,5,5,24,spatial_farthest_with_margin_tiebreak,2.050074210698952,1.3956227070045844,2.4800336710778215,1.1493244628587105,4.436473641530971,5.1123703505906555,1.602825430617802,0.7428026361525846,2.8672434378092877,3.3040674720062095
compact_256B_mag_orientation_hamming,256 B 幅值方向空间码 / Hamming,3,translation,10,10,24,spatial_farthest_with_margin_tiebreak,2.238242839736851,1.379683667650079,2.6293075195597906,1.4027750603007076,4.815931766695019,5.491769160075081,1.6992995447668038,0.9066006501243082,3.112482982195263,3.5492686570303595
compact_256B_mag_orientation_hamming,256 B 幅值方向空间码 / Hamming,3,translation,20,20,24,spatial_farthest_with_margin_tiebreak,2.0814679263490152,1.3742010773698203,2.494180693026078,1.0954645731425665,4.581018878400105,5.234841747800849,1.6119685811232969,0.7079931556461667,2.960661400247596,3.3832193588136374
compact_256B_mag_orientation_hamming,256 B 幅值方向空间码 / Hamming,3,translation,50,50,24,spatial_farthest_with_margin_tiebreak,1.9943699744232903,1.4335820105769548,2.456149216951409,1.1916561933535845,4.283638708561957,4.965569438187237,1.5873892113875543,0.7701600381156606,2.7684679316262852,3.2091916928889836
compact_256B_mag_orientation_hamming,256 B 幅值方向空间码 / Hamming,3,affine,5,5,24,spatial_farthest_with_margin_tiebreak,2.1782260528749595,1.4022146633337365,2.590535600892481,1.5267222157628682,3.9061346049151346,4.242281428505794,1.6742445851738874,0.9867024418566335,2.5244911631291225,2.7417387849423904
compact_256B_mag_orientation_hamming,256 B 幅值方向空间码 / Hamming,3,affine,10,10,24,spatial_farthest_with_margin_tiebreak,2.3781352643455858,1.3970860827101406,2.7581473597374044,1.246742068771393,4.632606444086907,5.081525924901611,1.7825700145407888,0.8057535458660773,2.994001819100943,3.2841330670484132
compact_256B_mag_orientation_hamming,256 B 幅值方向空间码 / Hamming,3,affine,20,20,24,spatial_farthest_with_margin_tiebreak,2.158466657844444,1.4239173965542695,2.585830440155745,1.4774715156870966,4.421267243017426,4.851742489089366,1.6712019233171593,0.9548728898140577,2.8574156481343764,3.13562661558139
compact_256B_mag_orientation_hamming,256 B 幅值方向空间码 / Hamming,3,affine,50,50,24,spatial_farthest_with_margin_tiebreak,1.9594591695721066,1.516383519137571,2.4776802082456593,1.5448570055755022,4.053122765422098,4.688422466274995,1.601305864159402,0.9984214754065496,2.619488041040773,3.0300747207843286
compact_256B_mag_orientation_hamming,256 B 幅值方向空间码 / Hamming,4,translation,5,5,24,spatial_farthest_with_margin_tiebreak,1.951447243449048,1.3993349820520966,2.4013089630365414,1.067050191919617,4.442988174323591,5.1123703505906555,1.5519473143932725,0.6896258203601651,2.871460085979347,3.3040674720062095
compact_256B_mag_orientation_hamming,256 B 幅值方向空间码 / Hamming,4,translation,10,10,24,spatial_farthest_with_margin_tiebreak,1.930667410700632,1.3684234020551762,2.366444433751561,0.9687723086338986,4.415084670277491,5.090624348576251,1.5294146884466844,0.6261096281061032,2.853426308276909,3.290013275223772
compact_256B_mag_orientation_hamming,256 B 幅值方向空间码 / Hamming,4,translation,20,20,24,spatial_farthest_with_margin_tiebreak,1.8507856054374472,1.3692202580299684,2.3022101277455347,1.0267883817894998,4.214443831121869,4.890331173431713,1.4879006104283237,0.6636023333538825,2.7237540094984003,3.160566047969548
compact_256B_mag_orientation_hamming,256 B 幅值方向空间码 / Hamming,4,translation,50,50,24,spatial_farthest_with_margin_tiebreak,1.7833067066064752,1.424715976567121,2.2825420968107553,1.382108584570015,3.9642817943002817,4.631251475861031,1.4751893315327622,0.8932419749185765,2.562076630388123,2.993125752437664
compact_256B_mag_orientation_hamming,256 B 幅值方向空间码 / Hamming,4,affine,5,5,24,spatial_farthest_with_margin_tiebreak,1.9036203163863157,1.4239802513825872,2.377286281726783,1.3671289229432246,4.026513601782241,4.325236311639456,1.5364226461004853,0.8835588208185667,2.6022978624412993,2.7953515928657398
compact_256B_mag_orientation_hamming,256 B 幅值方向空间码 / Hamming,4,affine,10,10,24,spatial_farthest_with_margin_tiebreak,1.8193313325159928,1.4021498884647638,2.2969525043405157,1.2361648226248771,4.078358205780296,4.626281398397409,1.484503456104997,0.798923507242637,2.6358036193955607,2.989913647291713
compact_256B_mag_orientation_hamming,256 B 幅值方向空间码 / Hamming,4,affine,20,20,24,spatial_farthest_with_margin_tiebreak,1.8147810892172915,1.4838023885990548,2.3441629487288123,1.222857712702539,4.075854866919243,4.665695829590038,1.5150151375371557,0.7903246618103041,2.634185586203924,3.0153867508925867
compact_256B_mag_orientation_hamming,256 B 幅值方向空间码 / Hamming,4,affine,50,50,24,spatial_farthest_with_margin_tiebreak,1.7663793155340615,1.6765491093364249,2.435346546667094,1.5479303160718034,3.71690130970412,4.466132437911391,1.5739468073880951,1.0004085734403652,2.402196645349901,2.8864111743003793
webp_q30_ncc,WebP Q30 + Scharr NCC,0,translation,5,5,24,spatial_farthest_with_margin_tiebreak,1.6578440231505458,1.5080792511693977,2.2411492214717965,0.8712615571779778,3.9794736328379656,4.974277936576448,1.448439145563701,0.5630885455819055,2.571900018117327,3.214822047872399
webp_q30_ncc,WebP Q30 + Scharr NCC,0,translation,10,10,24,spatial_farthest_with_margin_tiebreak,1.693539782058285,1.5578185307395702,2.3010596620100086,0.8928844701666654,4.2143123640192215,5.051267501757384,1.4871587139466205,0.5770646817964207,2.72367438815255,3.264579694435404
webp_q30_ncc,WebP Q30 + Scharr NCC,0,translation,20,20,24,spatial_farthest_with_margin_tiebreak,1.6197798775848735,1.6208659073789176,2.2914827386502714,1.1831147798638022,4.117737823127739,4.915334300496697,1.4809692149990368,0.7646397017400104,2.6612525737831527,3.1767390926366357
webp_q30_ncc,WebP Q30 + Scharr NCC,0,translation,50,50,24,spatial_farthest_with_margin_tiebreak,1.6162019700610633,1.5858105671490856,2.264266760545446,1.1421393981605954,4.087460500083583,4.839983766356964,1.4633797539701023,0.7381575681677589,2.641684479495492,3.1280406415893696
webp_q30_ncc,WebP Q30 + Scharr NCC,0,affine,5,5,24,spatial_farthest_with_margin_tiebreak,1.6162166476487556,1.4534481532811747,2.173630094200354,1.0651493963151943,3.7313138070936134,4.91296544746764,1.4048016200362963,0.6884061749019295,2.4115163409368394,3.175196311896452
webp_q30_ncc,WebP Q30 + Scharr NCC,0,affine,10,10,24,spatial_farthest_with_margin_tiebreak,1.6945586528049636,1.573438419366316,2.3124094549482677,0.9290788558111873,4.228625999548718,5.011555410997261,1.494494278357417,0.6004585986880163,2.732918408682694,3.2389259586197765
webp_q30_ncc,WebP Q30 + Scharr NCC,0,affine,20,20,24,spatial_farthest_with_margin_tiebreak,1.6623529229439986,1.6109717098857423,2.314875178162453,1.092767876006949,4.022642289409113,4.980344707307223,1.4960881084418696,0.7062473695661962,2.59979352004142,3.2187548821355265
webp_q30_ncc,WebP Q30 + Scharr NCC,0,affine,50,50,24,spatial_farthest_with_margin_tiebreak,1.6778232534764774,1.5313992170383983,2.2716237434602173,1.012718748925078,3.940202028616511,4.872667242662949,1.4681347737588697,0.6545118350492319,2.5465129928078767,3.149163817976833
webp_q30_ncc,WebP Q30 + Scharr NCC,1,translation,5,5,24,spatial_farthest_with_margin_tiebreak,2.5520075438029344,1.5770858773563283,2.999990394681934,1.222290056204197,2.773626788747879,3.524247835501803,1.9388601642253986,0.7899583907582067,1.7925822574397292,2.2776843601161856
webp_q30_ncc,WebP Q30 + Scharr NCC,1,translation,10,10,24,spatial_farthest_with_margin_tiebreak,2.4674470223502682,1.5833115670976652,2.9317520916016195,1.2750936336162622,2.9233062173731486,3.2892839438357515,1.894758474189368,0.8240804991459242,1.8893195853962748,2.125830179637114
webp_q30_ncc,WebP Q30 + Scharr NCC,1,translation,20,20,24,spatial_farthest_with_margin_tiebreak,2.458875151181383,1.623141802210175,2.9462953550483295,1.3204116661458887,2.9551702557771726,3.174901823717004,1.9041576147745114,0.8533688310195768,1.9099130276691862,2.0519062850715106
webp_q30_ncc,WebP Q30 + Scharr NCC,1,translation,50,50,24,spatial_farthest_with_margin_tiebreak,2.4561092356423573,1.5941801418883212,2.9281193456207957,1.3113833238617856,2.9548457712162737,3.219197025846154,1.8924106730124948,0.8475288809506275,1.9097034352780686,2.080533834284047
webp_q30_ncc,WebP Q30 + Scharr NCC,1,affine,5,5,24,spatial_farthest_with_margin_tiebreak,2.5713770339414843,1.5494240694459787,3.0021150540344457,1.211891155568296,2.847866852730457,3.3665296235500017,1.9402333089565709,0.7832377992558252,1.8405649259642507,2.1757528716464356
webp_q30_ncc,WebP Q30 + Scharr NCC,1,affine,10,10,24,spatial_farthest_with_margin_tiebreak,2.501083326173237,1.5530344180186633,2.94403357793561,1.4414839529782373,3.0063990168090977,3.1977832994461997,1.9026960352985895,0.931621393635372,1.9430067987644686,2.0667115098640503
webp_q30_ncc,WebP Q30 + Scharr NCC,1,affine,20,20,24,spatial_farthest_with_margin_tiebreak,2.4465590682220184,1.6001981374401588,2.923403043264193,1.3052130130434614,2.9426445386023734,3.1089497158940214,1.889362885287118,0.8435504432217382,1.9018193772087353,2.009282069155339
webp_q30_ncc,WebP Q30 + Scharr NCC,1,affine,50,50,24,spatial_farthest_with_margin_tiebreak,2.370004279772796,1.612582759536395,2.8665909095117463,1.208750198945248,2.8123505506086794,3.4554812262362025,1.8526457269446515,0.7812062564272557,1.8176109196754164,2.233241325304345
webp_q30_ncc,WebP Q30 + Scharr NCC,2,translation,5,5,24,spatial_farthest_with_margin_tiebreak,1.8596871594536106,1.7338771166056195,2.5425904480519974,0.9682000353563136,2.276151266352645,2.4672699123500377,1.643255830039137,0.6257395373543051,1.4710620169705568,1.594571835238153
webp_q30_ncc,WebP Q30 + Scharr NCC,2,translation,10,10,24,spatial_farthest_with_margin_tiebreak,1.8163355778456862,1.77823055661717,2.541884899800743,0.9639119667770577,2.146001491936169,2.4637277903130657,1.6427998642083657,0.622970455533695,1.386942162912066,1.5922894093346491
webp_q30_ncc,WebP Q30 + Scharr NCC,2,translation,20,20,24,spatial_farthest_with_margin_tiebreak,1.8272512417549147,1.807395827180745,2.5701219380810025,1.002192420983586,2.1036388497911425,2.5501299814793237,1.66104922054293,0.6477171033281157,1.3595636129868123,1.6481305958168178
webp_q30_ncc,WebP Q30 + Scharr NCC,2,translation,50,50,24,spatial_farthest_with_margin_tiebreak,1.7889410605697438,1.7484219811751742,2.501457483638073,0.8735517569459111,2.202930007481938,2.3089290298215928,1.616672021359774,0.5645708906417573,1.423734691128227,1.4922439939649372
webp_q30_ncc,WebP Q30 + Scharr NCC,2,affine,5,5,24,spatial_farthest_with_margin_tiebreak,1.877982193486905,1.7141104874896482,2.542634830717122,0.9983699972543996,2.2585765533967175,2.3866829247655104,1.64328447767913,0.6452392949577399,1.4596972637020125,1.5424957400602446
webp_q30_ncc,WebP Q30 + Scharr NCC,2,affine,10,10,24,spatial_farthest_with_margin_tiebreak,1.8381447330530443,1.727297712970163,2.522366636490937,1.0960618189987685,2.056046851501646,2.4644446048117596,1.6301853754031466,0.7083790808219168,1.3288054766584432,1.5927527614303727
webp_q30_ncc,WebP Q30 + Scharr NCC,2,affine,20,20,24,spatial_farthest_with_margin_tiebreak,1.8254726074973862,1.7630686022325412,2.5378654686372784,1.0774314096870037,2.0445383919668965,2.521566029426165,1.6402021073782038,0.6963352401996794,1.3213676458349621,1.629669958710598
webp_q30_ncc,WebP Q30 + Scharr NCC,2,affine,50,50,24,spatial_farthest_with_margin_tiebreak,1.6626469400178292,1.7966411754435014,2.447920415464861,0.9124625215231048,2.2551575467483453,2.4274958864421765,1.5820714196639964,0.5897203648298597,1.4574950845062322,1.568866226355575
webp_q30_ncc,WebP Q30 + Scharr NCC,3,translation,5,5,24,spatial_farthest_with_margin_tiebreak,2.0336977339653597,1.3679752706994652,2.4509758902080443,1.0072102584497804,4.454757662570762,5.112530482003159,1.5840457585210195,0.6509548803055866,2.8790601893232695,3.3041709629036813
webp_q30_ncc,WebP Q30 + Scharr NCC,3,translation,10,10,24,spatial_farthest_with_margin_tiebreak,2.0370716075994153,1.374889452444796,2.4576374307313147,1.0658389254234064,4.428686131056127,5.096769890963943,1.5883509962221445,0.6888463338161067,2.8622104537984963,3.293985070234154
webp_q30_ncc,WebP Q30 + Scharr NCC,3,translation,20,20,24,spatial_farthest_with_margin_tiebreak,1.9223509426179681,1.3896611880030312,2.37204371039536,1.205079570190125,4.097792122856475,4.76661558641011,1.533032816709362,0.7788321393268538,2.6483573556323856,3.080610055110667
webp_q30_ncc,WebP Q30 + Scharr NCC,3,translation,50,50,24,spatial_farthest_with_margin_tiebreak,1.9091475044834052,1.3764664338426045,2.3536150996648946,1.1987738207150902,4.066696752758843,4.729032892533739,1.5211226437470633,0.7747567898860259,2.628260763090864,3.056320782514453
webp_q30_ncc,WebP Q30 + Scharr NCC,3,affine,5,5,24,spatial_farthest_with_margin_tiebreak,2.043326007529102,1.3798009760192038,2.4655692864870713,1.0441797991224042,4.472746150592778,5.163663861727878,1.5934773164471467,0.6748407048479079,2.890685956611527,3.3372178912847907
webp_q30_ncc,WebP Q30 + Scharr NCC,3,affine,10,10,24,spatial_farthest_with_margin_tiebreak,2.0359218463014384,1.4037390253760154,2.472945817362577,1.1777396821124442,4.387325330857358,5.043922442858244,1.5982450259758358,0.7611641992788474,2.8354794284177207,3.2598303587450452
webp_q30_ncc,WebP Q30 + Scharr NCC,3,affine,20,20,24,spatial_farthest_with_margin_tiebreak,1.914558826015079,1.4099045719508336,2.377680886973713,1.1892795438845423,4.0439992729146415,4.704577453511942,1.5366764754153774,0.7686201504122356,2.613591636700155,3.0405155074108445
webp_q30_ncc,WebP Q30 + Scharr NCC,3,affine,50,50,24,spatial_farthest_with_margin_tiebreak,1.942330306175937,1.3766583714303087,2.3807215901735885,1.3668275424226541,4.089931448808555,4.631634351288465,1.5386413678293211,0.8833659916967287,2.6432770574849673,2.993373200670824
webp_q30_ncc,WebP Q30 + Scharr NCC,4,translation,5,5,24,spatial_farthest_with_margin_tiebreak,1.9342336211425948,1.3652681135999885,2.367533890606693,0.9665724330709182,4.434802717741628,5.112530482003159,1.530118811831382,0.6246878663784798,2.8661698977706904,3.3041709629036813
webp_q30_ncc,WebP Q30 + Scharr NCC,4,translation,10,10,24,spatial_farthest_with_margin_tiebreak,1.8664005794841947,1.381907673478965,2.322309182929565,1.049392957323521,4.246549267054389,4.91932733636559,1.5008904411171031,0.6782114285573805,2.7445034540491218,3.1793059421642726
webp_q30_ncc,WebP Q30 + Scharr NCC,4,translation,20,20,24,spatial_farthest_with_margin_tiebreak,1.8358968209019104,1.4038905739599876,2.311152500518182,1.186455469685538,4.152123073308273,4.821560198350171,1.493679969867871,0.7667934623434256,2.6834766904120326,3.1161201401250707
webp_q30_ncc,WebP Q30 + Scharr NCC,4,translation,50,50,24,spatial_farthest_with_margin_tiebreak,1.845860095700895,1.3750635169897483,2.301738292825041,1.06929864103255,4.194156623465258,4.868521817521313,1.4875956603925524,0.6910762586523362,2.7106425774078575,3.146470906486658
webp_q30_ncc,WebP Q30 + Scharr NCC,4,affine,5,5,24,spatial_farthest_with_margin_tiebreak,1.9337804150739868,1.3861146641098687,2.3792478970851554,0.9422326961608893,4.443026467331194,5.163663861727878,1.5376894766390667,0.6089607741298648,2.871484665430127,3.3372178912847907
webp_q30_ncc,WebP Q30 + Scharr NCC,4,affine,10,10,24,spatial_farthest_with_margin_tiebreak,1.8789789256353782,1.4349490642237228,2.3642420814921676,1.151854441415646,4.299803534853543,5.02408482297876,1.527991390415806,0.7444377958283499,2.778921001494639,3.2470095278537947
webp_q30_ncc,WebP Q30 + Scharr NCC,4,affine,20,20,24,spatial_farthest_with_margin_tiebreak,1.8304470658222958,1.4292892115486089,2.3223703647408818,1.2349022042272786,4.139940244345983,4.756497690643485,1.5009302868844772,0.7981064313202024,2.6756032379522785,3.074070973000759
webp_q30_ncc,WebP Q30 + Scharr NCC,4,affine,50,50,24,spatial_farthest_with_margin_tiebreak,1.840626850377424,1.377099580607604,2.298762810130692,1.1015222792069153,4.156006032698712,4.699384984702117,1.485673103232986,0.7119067207134526,2.685986686441406,3.0371596733593234
jpeg2000_100_ncc,JPEG2000 100 + Scharr NCC,0,translation,5,5,24,spatial_farthest_with_margin_tiebreak,1.734828470100453,1.5080792511693977,2.2986806756221556,1.0185804014675406,4.1378290538127445,5.161756089046306,1.4856212648172387,0.6583029217500282,2.6742436999094523,3.335987135281392
jpeg2000_100_ncc,JPEG2000 100 + Scharr NCC,0,translation,10,10,24,spatial_farthest_with_margin_tiebreak,1.693539782058285,1.5356037665553672,2.28607872158267,0.8870177090515754,4.166580503727632,5.053741155806858,1.477476666627804,0.5732730368420635,2.6928256563014656,3.2661783526778807
jpeg2000_100_ncc,JPEG2000 100 + Scharr NCC,0,translation,20,20,24,spatial_farthest_with_margin_tiebreak,1.6201271512433413,1.5996335684634457,2.2767607558878384,1.150062255269353,4.107582604682152,4.877624902937178,1.4714545185795935,0.7432780612895638,2.6546892607849664,3.152367804357093
jpeg2000_100_ncc,JPEG2000 100 + Scharr NCC,0,translation,50,50,24,spatial_farthest_with_margin_tiebreak,1.6108797624131286,1.6024298252476725,2.272160855616403,1.1858087584068806,4.078960508093351,4.857746100881343,1.4684816424185492,0.7663808032699455,2.6361911055262888,3.139520311186617
jpeg2000_100_ncc,JPEG2000 100 + Scharr NCC,0,affine,5,5,24,spatial_farthest_with_margin_tiebreak,1.656513625079199,1.4534481532811747,2.203757909651032,1.3253056920920099,3.6678602619295755,5.042554269129384,1.4242727873376315,0.8565455344084728,2.3705067433399414,3.2589480422795964
jpeg2000_100_ncc,JPEG2000 100 + Scharr NCC,0,affine,10,10,24,spatial_farthest_with_margin_tiebreak,1.651985189484723,1.5204284256723903,2.2451631708785666,1.0428033128276497,3.9748373244367,5.018247597515347,1.4510331087471466,0.6739627503493575,2.5689036382058545,3.2432391479508524
jpeg2000_100_ncc,JPEG2000 100 + Scharr NCC,0,affine,20,20,24,spatial_farthest_with_margin_tiebreak,1.6310558926758902,1.5684286647112973,2.262810597756871,1.0363629658450795,3.9904217962030475,4.765134840270779,1.4624390482674972,0.6697933083093657,2.5789692458052245,3.0796664222328234
jpeg2000_100_ncc,JPEG2000 100 + Scharr NCC,0,affine,50,50,24,spatial_farthest_with_margin_tiebreak,1.638386663575298,1.5522684667448967,2.256955527304858,1.0356883069447713,3.965192015621246,4.820851117441625,1.458654716030681,0.669358822453538,2.5626636384668973,3.1156754395427093
jpeg2000_100_ncc,JPEG2000 100 + Scharr NCC,1,translation,5,5,24,spatial_farthest_with_margin_tiebreak,2.5520075438029344,1.5770858773563283,2.999990394681934,1.222290056204197,2.773626788747879,3.524247835501803,1.9388601642253986,0.7899583907582067,1.7925822574397292,2.2776843601161856
jpeg2000_100_ncc,JPEG2000 100 + Scharr NCC,1,translation,10,10,24,spatial_farthest_with_margin_tiebreak,2.4904662583375705,1.5833115670976652,2.9511519280483007,1.201336710728669,2.8731293002759677,3.3530027814413415,1.907296340184459,0.7764161029067169,1.8568903916836808,2.1670108281559366
jpeg2000_100_ncc,JPEG2000 100 + Scharr NCC,1,translation,20,20,24,spatial_farthest_with_margin_tiebreak,2.4496388125188173,1.623141802210175,2.938591435004311,1.3528589780138,2.9487618172501895,3.175968933518937,1.8991786888184348,0.874334109881661,1.905754556787047,2.052612997084772
jpeg2000_100_ncc,JPEG2000 100 + Scharr NCC,1,translation,50,50,24,spatial_farthest_with_margin_tiebreak,2.4352969743033865,1.5914907289407088,2.9092119368233478,1.2998888012682501,2.8779594115996865,3.28939636638596,1.8801911293850777,0.8401002681524534,1.8599955060812055,2.1259207367857815
jpeg2000_100_ncc,JPEG2000 100 + Scharr NCC,1,affine,5,5,24,spatial_farthest_with_margin_tiebreak,2.5713770339414843,1.5494240694459787,3.0021150540344457,1.211891155568296,2.847866852730457,3.3665296235500017,1.9402333089565709,0.7832377992558252,1.8405649259642507,2.1757528716464356
jpeg2000_100_ncc,JPEG2000 100 + Scharr NCC,1,affine,10,10,24,spatial_farthest_with_margin_tiebreak,2.5097936625615613,1.5530344180186633,2.951436960564251,1.3069612666955375,2.9490900948000736,3.2392024254439167,1.9074807347608975,0.8446802995050491,1.9059851224024635,2.0934629315748623
jpeg2000_100_ncc,JPEG2000 100 + Scharr NCC,1,affine,20,20,24,spatial_farthest_with_margin_tiebreak,2.4128896953520784,1.6001981374401588,2.8952842280168625,1.2573200924249957,2.901457307734858,3.0858124040653347,1.8711901606925376,0.812591601566258,1.8752002205677119,1.9943286053877192
jpeg2000_100_ncc,JPEG2000 100 + Scharr NCC,1,affine,50,50,24,spatial_farthest_with_margin_tiebreak,2.352305392375817,1.614563751080731,2.853095996510497,1.2429590436594329,2.9139844575246396,3.340836645279092,1.8439241651369065,0.8033124825922646,1.8832906961211655,2.159148030062087
jpeg2000_100_ncc,JPEG2000 100 + Scharr NCC,2,translation,5,5,24,spatial_farthest_with_margin_tiebreak,1.929766657686369,1.7338771166056195,2.5942878037347046,1.1679628358977323,2.379519051020823,2.585106171443826,1.6766673848902456,0.7548445543204589,1.5378679467693706,1.670728231608287
jpeg2000_100_ncc,JPEG2000 100 + Scharr NCC,2,translation,10,10,24,spatial_farthest_with_margin_tiebreak,1.8408508299610418,1.77823055661717,2.5594600388861846,0.9680588586258603,2.1575173741458844,2.5143412530004294,1.6541585049063068,0.625650513804663,1.3943845621819952,1.6250005164678603
jpeg2000_100_ncc,JPEG2000 100 + Scharr NCC,2,translation,20,20,24,spatial_farthest_with_margin_tiebreak,1.7890437440796212,1.807395827180745,2.5430999182770617,0.8585504729479746,2.1428682794823715,2.4803966148965415,1.643585181518295,0.5548827385422356,1.3849235078341116,1.6030645967081263
jpeg2000_100_ncc,JPEG2000 100 + Scharr NCC,2,translation,50,50,24,spatial_farthest_with_margin_tiebreak,1.7838149411381468,1.7603591474587612,2.506164414452776,0.840835775270441,2.174768725579646,2.3290177211198864,1.619714086017858,0.5434268626774776,1.4055403793222898,1.5052294324721605
jpeg2000_100_ncc,JPEG2000 100 + Scharr NCC,2,affine,5,5,24,spatial_farthest_with_margin_tiebreak,2.044021560577719,1.7141104874896482,2.667620457154386,1.097519832665263,2.2159944579253175,2.4259708908323865,1.7240616296447329,0.7093250756173262,1.4321770645932415,1.5678873483244649
jpeg2000_100_ncc,JPEG2000 100 + Scharr NCC,2,affine,10,10,24,spatial_farthest_with_margin_tiebreak,1.9542533903050479,1.727297712970163,2.60819165376142,1.083638569131736,2.0510672444033213,2.490881781018865,1.6856533190818792,0.7003427554431652,1.3255894726654285,1.6098402948880903
jpeg2000_100_ncc,JPEG2000 100 + Scharr NCC,2,affine,20,20,24,spatial_farthest_with_margin_tiebreak,1.7898464758466686,1.7829519605129305,2.5263547060137146,0.9254344711674287,2.108849696944604,2.4534263381458614,1.6327629247903788,0.5981027037490542,1.3629401348727528,1.5856338725058168
jpeg2000_100_ncc,JPEG2000 100 + Scharr NCC,2,affine,50,50,24,spatial_farthest_with_margin_tiebreak,1.6594224135684923,1.7998769639008887,2.4481094403303465,0.9052935967246327,2.2836412961190673,2.3219464218995216,1.5821936212469843,0.5850871394277197,1.4759039569404013,1.5006507426290436
jpeg2000_100_ncc,JPEG2000 100 + Scharr NCC,3,translation,5,5,24,spatial_farthest_with_margin_tiebreak,2.1261053007443107,1.3679752706994652,2.5281772269954357,1.2008519634616106,4.648790762529982,5.310286634767101,1.6339401333480952,0.776104507568103,3.0044616141501126,3.4319785411251895
jpeg2000_100_ncc,JPEG2000 100 + Scharr NCC,3,translation,10,10,24,spatial_farthest_with_margin_tiebreak,2.0370716075994153,1.3682055111170197,2.453904451102091,1.0334408467579945,4.447177849868381,5.109544173130696,1.585938431811869,0.6679075955663184,2.8741614427977016,3.3022409451069663
jpeg2000_100_ncc,JPEG2000 100 + Scharr NCC,3,translation,20,20,24,spatial_farthest_with_margin_tiebreak,1.9722065529438695,1.4125313515061975,2.425869639214495,1.1496542551047195,4.234010185304223,4.911245786843888,1.56781985828189,0.7430112543059983,2.7363935699194313,3.1740829277057787
jpeg2000_100_ncc,JPEG2000 100 + Scharr NCC,3,translation,50,50,24,spatial_farthest_with_margin_tiebreak,1.9293395111497627,1.3788872859390902,2.371430179576889,1.1466277909203129,4.133338039707438,4.798319065108868,1.5326362898415082,0.7410552775958396,2.6713302828559713,3.1010996569029823
jpeg2000_100_ncc,JPEG2000 100 + Scharr NCC,3,affine,5,5,24,spatial_farthest_with_margin_tiebreak,2.0916262683579574,1.3798009760192038,2.505743638105978,1.216917058724635,4.551973243200369,5.3558077986153005,1.6194414345081087,0.7864823136232288,2.9418895699464236,3.4613983572607725
jpeg2000_100_ncc,JPEG2000 100 + Scharr NCC,3,affine,10,10,24,spatial_farthest_with_margin_tiebreak,2.0357627689067104,1.389085437145095,2.4645259996509057,1.0930944962608233,4.420912024735022,5.180950573756858,1.5928031354550227,0.706457679470909,2.8571861590089087,3.348390098891505
jpeg2000_100_ncc,JPEG2000 100 + Scharr NCC,3,affine,20,20,24,spatial_farthest_with_margin_tiebreak,1.9555317874459834,1.4241946574752646,2.419180645196379,1.1856922474949472,4.173925925009723,4.902544832391925,1.5634970709819767,0.7663055165878485,2.697561798519385,3.1684595987208555
jpeg2000_100_ncc,JPEG2000 100 + Scharr NCC,3,affine,50,50,24,spatial_farthest_with_margin_tiebreak,1.952695351163483,1.3786952474768992,2.390359746956693,1.4513023318907248,4.144756597459652,4.7045016264869455,1.544870403081368,0.9379611677500661,2.6787099431852837,3.040466501406295
jpeg2000_100_ncc,JPEG2000 100 + Scharr NCC,4,translation,5,5,24,spatial_farthest_with_margin_tiebreak,2.0311827933291635,1.3652681135999885,2.447378303803753,1.1663327026536376,4.633153136259154,5.310286634767101,1.5817215849889799,0.7537912948720561,2.9943619190050295,3.4319785411251895
jpeg2000_100_ncc,JPEG2000 100 + Scharr NCC,4,translation,10,10,24,spatial_farthest_with_margin_tiebreak,1.9059245468427812,1.381907673478965,2.354191410288872,0.970117260614999,4.346199491380538,5.0186890586418444,1.5214956488410043,0.6269750077105276,2.808906462625799,3.2435223061774034
jpeg2000_100_ncc,JPEG2000 100 + Scharr NCC,4,translation,20,20,24,spatial_farthest_with_margin_tiebreak,1.842745044470373,1.3840152971309492,2.304605745374377,1.1112706095920277,4.179446700671736,4.852028623162417,1.4894488640788472,0.7182022924502155,2.7011356928406687,3.13581154045079
jpeg2000_100_ncc,JPEG2000 100 + Scharr NCC,4,translation,50,50,24,spatial_farthest_with_margin_tiebreak,1.8116628801575487,1.3802048198480312,2.277517889298014,1.180824720475771,4.08406716576919,4.757672127041522,1.4719422274324423,0.763154369279476,2.639492790469363,3.074829997809255
jpeg2000_100_ncc,JPEG2000 100 + Scharr NCC,4,affine,5,5,24,spatial_farthest_with_margin_tiebreak,2.01707433164587,1.3861146641098687,2.447427776553385,1.0526124996527666,4.540403811028978,5.3558077986153005,1.5817531777215625,0.6802970637547201,2.9344183788041844,3.4613983572607725
jpeg2000_100_ncc,JPEG2000 100 + Scharr NCC,4,affine,10,10,24,spatial_farthest_with_margin_tiebreak,1.9292888994420838,1.4349490642237228,2.404419779162321,1.1602250212910272,4.36821796350629,5.174168312529859,1.5539576040921943,0.7498432756964719,2.8231363020380056,3.344006799624274
jpeg2000_100_ncc,JPEG2000 100 + Scharr NCC,4,affine,20,20,24,spatial_farthest_with_margin_tiebreak,1.8412364863805728,1.3908070477932548,2.3074869540195597,1.133039562590262,4.187719695390795,4.833504328382213,1.4913111110393478,0.7322713205750009,2.7064825462043363,3.123839497102253
jpeg2000_100_ncc,JPEG2000 100 + Scharr NCC,4,affine,50,50,24,spatial_farthest_with_margin_tiebreak,1.8056518001298534,1.384065561077483,2.2750859106136865,1.1944954001196875,4.065119224789739,4.661335650159198,1.4703707669103625,0.7719912994491072,2.627247190743862,3.012568816145906
compact_128B_multiscale_dct_sign_hamming,128 B 四尺度 DCT 符号码 / Hamming,0,translation,5,5,24,spatial_farthest_with_margin_tiebreak,5.331287840036627,6.885433584567691,8.70814708654,8.89598135458104,9.999872176946969,10.33005562981046,5.628015085084881,5.7493840871943025,6.4628605789845395,6.676328451143032
compact_128B_multiscale_dct_sign_hamming,128 B 四尺度 DCT 符号码 / Hamming,0,affine,5,5,24,spatial_farthest_with_margin_tiebreak,8.598856860238033,7.6387037886173035,11.501744862111098,10.577044087735047,16.369872417014562,16.570416637170062,7.433518955816248,6.835836222746464,10.579753581982372,10.709396774535408
compact_128B_multiscale_dct_sign_hamming,128 B 四尺度 DCT 符号码 / Hamming,0,affine,10,10,24,spatial_farthest_with_margin_tiebreak,8.682292904484003,7.208293976388119,11.284578509155159,10.344416995646135,16.031994865736998,16.27578018572631,7.293166399714938,6.68549259885361,10.36145894022659,10.51900182434094
compact_128B_multiscale_dct_sign_hamming,128 B 四尺度 DCT 符号码 / Hamming,1,translation,5,5,24,spatial_farthest_with_margin_tiebreak,8.298857594597319,6.934453877300135,10.81469777440907,10.8121298147861,12.743413500912832,12.874757686971968,6.989463249271898,6.987752296353831,8.23594075057127,8.320799437396186
compact_128B_multiscale_dct_sign_hamming,128 B 四尺度 DCT 符号码 / Hamming,1,affine,5,5,24,spatial_farthest_with_margin_tiebreak,12.27203995815607,8.417216960359134,14.881280391563646,13.382589612936263,22.30553131509317,23.548671600466207,9.617733379782889,8.6490701836336,14.416011236180179,15.219537519743335
compact_128B_multiscale_dct_sign_hamming,128 B 四尺度 DCT 符号码 / Hamming,1,affine,10,10,24,spatial_farthest_with_margin_tiebreak,11.093782610576774,8.370222858199133,13.897217106552482,12.791123605427074,20.720484910904986,22.586146700105143,8.981739448603834,8.266810081639694,13.3916000102535,14.597457140041096
compact_128B_multiscale_dct_sign_hamming,128 B 四尺度 DCT 符号码 / Hamming,2,translation,5,5,24,spatial_farthest_with_margin_tiebreak,4.998577130742131,8.123625721927736,9.53829482674677,9.457524536388792,11.003016692637608,11.044616247128092,6.164532772992996,6.112289458168196,7.111152832058272,7.138064156688376
compact_128B_multiscale_dct_sign_hamming,128 B 四尺度 DCT 符号码 / Hamming,2,affine,5,5,24,spatial_farthest_with_margin_tiebreak,5.099881348708217,1.9466317897776677,5.458769558781077,5.175679004079983,6.668358821007728,7.455447647615757,3.5279676915620932,3.344996081950357,4.309749133349107,4.818435010962377
compact_128B_multiscale_dct_sign_hamming,128 B 四尺度 DCT 符号码 / Hamming,2,affine,10,10,24,spatial_farthest_with_margin_tiebreak,5.726165204970627,1.9679740726028032,6.054906267239251,5.906412231298626,8.060809716119635,8.105388938293649,3.913250717519049,3.8172751344778595,5.209670078740584,5.238526851565926
compact_128B_multiscale_dct_sign_hamming,128 B 四尺度 DCT 符号码 / Hamming,3,translation,5,5,24,spatial_farthest_with_margin_tiebreak,7.121918678741633,2.3256878640176066,7.492032415002471,7.927164758657454,8.551468890839416,9.315900938776315,4.8420429716218445,5.12327931206361,5.526737003496552,6.0207823964058
compact_128B_multiscale_dct_sign_hamming,128 B 四尺度 DCT 符号码 / Hamming,3,affine,5,5,24,spatial_farthest_with_margin_tiebreak,8.626176832237341,7.648153098706262,11.528450570752275,10.699871495776149,16.006532608453565,16.398765133469166,7.4507597368469805,6.915213655020805,10.344998047642934,10.5983989966752
compact_128B_multiscale_dct_sign_hamming,128 B 四尺度 DCT 符号码 / Hamming,3,affine,10,10,24,spatial_farthest_with_margin_tiebreak,8.62915305952398,6.9411967831953145,11.074407221505494,10.394191887885277,15.340889517958924,16.095335748019718,7.157313810000836,6.717655469795382,9.914792115195405,10.402293874773843
compact_128B_multiscale_dct_sign_hamming,128 B 四尺度 DCT 符号码 / Hamming,4,affine,5,5,24,spatial_farthest_with_margin_tiebreak,8.05955673998397,6.141984756295004,10.133135328790456,7.877755747570552,14.911790584544672,19.330644256417077,6.5489577975454,5.091297856006869,9.637312504307154,12.493209942653376
compact_128B_multiscale_dct_sign_hamming,128 B 四尺度 DCT 符号码 / Hamming,4,affine,10,10,24,spatial_farthest_with_margin_tiebreak,7.912220485072447,8.18684035834834,11.385411194044828,8.796735449556516,16.819244588100393,22.861028447041864,7.3582914264988455,5.685256195809659,10.87007611848608,14.774817320810387
