method,method_label_cn,split,bias_model,gcp_count,icp_count,gcp_ransac_inlier_count,gcp_ransac_inlier_ratio,geometrically_verified_reuse_rate,before_rmse_x_px,before_rmse_y_px,before_rmse_2d_px,before_median_error_px,before_p90_error_px,before_p95_error_px,before_rmse_2d_m,before_median_error_m,before_ce90_m,before_p95_error_m,after_rmse_x_px,after_rmse_y_px,after_rmse_2d_px,after_median_error_px,after_p90_error_px,after_p95_error_px,after_rmse_2d_m,after_median_error_m,after_ce90_m,after_p95_error_m,parameters,split_uses_rpc_coordinates_only,icp_not_used_for_bias_fit
raw_gray_ncc,原始灰度 NCC,0,translation,100,24,14,0.14,0.11290322580645161,8.17818338082941,2.0687489967833104,8.435781281076833,8.045778673328279,10.643970835394429,11.597802887281816,5.4519857066810395,5.199899503796688,6.87910502005879,7.495595712022296,5.574856589982075,4.53014674168801,7.183401387928498,7.390485263603066,8.408082299775408,8.518765965513026,4.642582668680646,4.776396966480155,5.434131541276948,5.505660250787579,"{""kind"":""translation"",""coefficients"":[-13.37874622866158,-2.8550589829295956],""centre"":[10106.673931278063,10419.802665420139],""scale"":[15389.150055266278,14336.889124427942]}",True,True
raw_gray_ncc,原始灰度 NCC,0,affine,100,24,28,0.28,0.22580645161290322,8.17818338082941,2.0687489967833104,8.435781281076833,8.045778673328279,10.643970835394429,11.597802887281816,5.4519857066810395,5.199899503796688,6.87910502005879,7.495595712022296,2.339446981175504,2.9022325240413025,3.7277293090210195,3.4572290909012318,4.946418285630746,5.414192572204576,2.4092088890450203,2.2343696030184335,3.1968435183359643,3.4992000141781463,"{""kind"":""affine"",""coefficients"":[[-9.596885940130793,-0.9825995047719163],[1.1025923961509645,1.0256331853341085],[1.3817230156335687,0.48067773084188054]],""centre"":[10106.673931278063,10419.802665420139],""scale"":[15389.150055266278,14336.889124427942]}",True,True
raw_gray_ncc,原始灰度 NCC,1,translation,100,24,24,0.24,0.1935483870967742,8.395575231953076,2.2954639273083877,8.703725530883771,8.405634546159241,9.28248633257924,10.751221568040233,5.6251464791708905,5.4324798712571045,5.999178568611355,6.948396432599555,8.23626908211236,5.9299535520914795,10.148915090930771,10.155723820268442,12.05213405681328,12.173211640394788,6.559172626553349,6.56352482443314,7.789173762704555,7.867398752755294,"{""kind"":""translation"",""coefficients"":[-15.91687739318113,-4.047418802333705],""centre"":[10106.710274662273,10383.59344540793],""scale"":[15210.365471710013,14212.10636526954]}",True,True
raw_gray_ncc,原始灰度 NCC,1,affine,100,24,30,0.3,0.24193548387096775,8.395575231953076,2.2954639273083877,8.703725530883771,8.405634546159241,9.28248633257924,10.751221568040233,5.6251464791708905,5.4324798712571045,5.999178568611355,6.948396432599555,8.474071723805594,5.422142631057998,10.060294344189838,9.356619469676808,14.096865836957015,15.673382977225929,6.501935535186078,6.047118975867256,9.110798397828736,10.129739157938914,"{""kind"":""affine"",""coefficients"":[[-15.006638865519735,-3.153654564825173],[14.962428436021442,6.185798867879938],[1.2844388966514129,1.4165591374598]],""centre"":[10106.710274662273,10383.59344540793],""scale"":[15210.365471710013,14212.10636526954]}",True,True
raw_gray_ncc,原始灰度 NCC,2,translation,100,24,21,0.21,0.1693548387096774,8.056684260676064,2.287942368107579,8.375251730903804,8.018193854103192,9.098723211560976,9.455432296372127,5.41286346734223,5.182158703742508,5.880436363509124,6.110949688420141,7.75146511054518,5.561636562766675,9.540283675882092,9.580911913320948,10.958310306493717,11.185696596715978,6.165818375649671,6.192033302255442,7.082309314200694,7.229232792195612,"{""kind"":""translation"",""coefficients"":[-15.405546902690773,-3.777164153615764],""centre"":[10158.670821099608,10449.704565449598],""scale"":[15389.150055266278,14336.889124427942]}",True,True
raw_gray_ncc,原始灰度 NCC,2,affine,100,24,26,0.26,0.20967741935483872,8.056684260676064,2.287942368107579,8.375251730903804,8.018193854103192,9.098723211560976,9.455432296372127,5.41286346734223,5.182158703742508,5.880436363509124,6.110949688420141,3.492719479200994,3.482936597549042,4.932538565782995,4.114528313601035,7.167653496430722,8.091471873176117,3.1878696843839753,2.6591908628335874,4.632401109011951,5.229465109859113,"{""kind"":""affine"",""coefficients"":[[-10.415435706661055,-1.3702675018016546],[0.4794550652017509,1.0680642443324178],[9.262831404772662,5.228682153089804]],""centre"":[10158.670821099608,10449.704565449598],""scale"":[15389.150055266278,14336.889124427942]}",True,True
raw_gray_ncc,原始灰度 NCC,3,translation,100,24,22,0.22,0.1774193548387097,8.36196187380896,2.255262060191252,8.66075131493641,8.405223472840483,11.51185862442593,12.242625172517492,5.5973711211298065,5.432227570827489,7.440034129271362,7.912283626442942,8.0450165252624,6.0514357984443,10.066884628048456,10.549658503928411,11.219441266028493,12.004026622710823,6.506148870298997,6.8181321685789635,7.251138650501823,7.7581400236252795,"{""kind"":""translation"",""coefficients"":[-15.987655640600265,-4.10157226268099],""centre"":[10068.279649422473,10467.183462981986],""scale"":[15540.494999322784,14336.889124427942]}",True,True
raw_gray_ncc,原始灰度 NCC,3,affine,100,24,27,0.27,0.21774193548387097,8.36196187380896,2.255262060191252,8.66075131493641,8.405223472840483,11.51185862442593,12.242625172517492,5.5973711211298065,5.432227570827489,7.440034129271362,7.912283626442942,7.168293259409086,4.075071504906755,8.24564345718348,6.615694352943832,13.52696219898668,14.3688565105516,5.329104661690882,4.275679642307475,8.742315581673843,9.28659222532424,"{""kind"":""affine"",""coefficients"":[[-8.62969761326406,-0.9276560088235284],[28.38437110206858,9.513640042165509],[9.49535564272186,4.711208279208808]],""centre"":[10068.279649422473,10467.183462981986],""scale"":[15540.494999322784,14336.889124427942]}",True,True
raw_gray_ncc,原始灰度 NCC,4,translation,100,24,22,0.22,0.1774193548387097,8.338431391182128,2.231240201099444,8.631794187795132,8.018193854103192,11.499422351264123,12.242625172517492,5.578661751522963,5.182158703742508,7.432016775369327,7.912283626442942,4.19859432448585,4.301232973463128,6.01072369965641,5.958764778385969,7.237708317068616,7.239715261959208,3.8846854730089504,3.8510740745663536,4.677705261964594,4.678948052082197,"{""kind"":""translation"",""coefficients"":[-11.981288241932589,-2.3140133526522817],""centre"":[10093.949872383686,10455.975970022886],""scale"":[15540.494999322784,14336.889124427942]}",True,True
raw_gray_ncc,原始灰度 NCC,4,affine,100,24,27,0.27,0.21774193548387097,8.338431391182128,2.231240201099444,8.631794187795132,8.018193854103192,11.499422351264123,12.242625172517492,5.578661751522963,5.182158703742508,7.432016775369327,7.912283626442942,3.877378784347776,3.883944013253179,5.488085944607231,4.272904801889771,9.61990101239151,9.867944710812527,3.5469164051471056,2.7615374305156166,6.217290477588904,6.3776463461741075,"{""kind"":""affine"",""coefficients"":[[-10.162742076941864,-1.2188419439738376],[5.613866471126115,3.55908454219439],[8.802705743004566,4.763431318618635]],""centre"":[10093.949872383686,10455.975970022886],""scale"":[15540.494999322784,14336.889124427942]}",True,True
raw_scharr_ncc,原始 Scharr NCC,0,translation,100,24,96,0.96,0.7741935483870968,8.17818338082941,2.0687489967833104,8.435781281076833,8.045778673328279,10.643970835394429,11.597802887281816,5.4519857066810395,5.199899503796688,6.87910502005879,7.495595712022296,1.6260522696658428,1.5664114494039154,2.25780663753766,1.0786051235634326,4.075094587935577,4.859474928002188,1.4592046320556953,0.6970957628445099,2.6336992234685406,3.140626261143268,"{""kind"":""translation"",""coefficients"":[-7.578719908528162,1.8433239455180004],""centre"":[10106.673931278063,10419.802665420139],""scale"":[15389.150055266278,14336.889124427942]}",True,True
raw_scharr_ncc,原始 Scharr NCC,0,affine,100,24,96,0.96,0.7741935483870968,8.17818338082941,2.0687489967833104,8.435781281076833,8.045778673328279,10.643970835394429,11.597802887281816,5.4519857066810395,5.199899503796688,6.87910502005879,7.495595712022296,1.6417492231881339,1.522512314636763,2.239058788879701,0.93736307676946,4.0171130254259735,4.842012809891153,1.4470879906450442,0.6058091827670742,2.5962261561547755,3.129340638792211,"{""kind"":""affine"",""coefficients"":[[-7.578014279556701,1.8426840703028635],[0.23560496648471987,0.626754013199345],[0.29398422797959395,-0.5396580891446882]],""centre"":[10106.673931278063,10419.802665420139],""scale"":[15389.150055266278,14336.889124427942]}",True,True
raw_scharr_ncc,原始 Scharr NCC,1,translation,100,24,94,0.94,0.7580645161290323,8.395575231953076,2.2954639273083877,8.703725530883771,8.405634546159241,9.28248633257924,10.751221568040233,5.6251464791708905,5.4324798712571045,5.999178568611355,6.948396432599555,2.455923368886066,1.5837687325758798,2.9223078195367598,1.2927581478374965,2.9529108216523983,3.25090335212878,1.8886547752956255,0.8354916623016831,1.9084529485650297,2.101025302581535,"{""kind"":""translation"",""coefficients"":[-7.578714460858993,1.8309500693663054],""centre"":[10106.710274662273,10383.59344540793],""scale"":[15210.365471710013,14212.10636526954]}",True,True
raw_scharr_ncc,原始 Scharr NCC,1,affine,100,24,94,0.94,0.7580645161290323,8.395575231953076,2.2954639273083877,8.703725530883771,8.405634546159241,9.28248633257924,10.751221568040233,5.6251464791708905,5.4324798712571045,5.999178568611355,6.948396432599555,2.417790183185165,1.6153850281175293,2.9077789047609555,1.3004648509461838,2.9352867154417948,3.409305577025117,1.8792649163785118,0.8404808369576493,1.8970625854386172,2.20339883459031,"{""kind"":""affine"",""coefficients"":[[-7.575502796086337,1.827506555251378],[0.17684369810741707,0.4428635223838849],[0.43795230222614756,-0.38017543311053337]],""centre"":[10106.710274662273,10383.59344540793],""scale"":[15210.365471710013,14212.10636526954]}",True,True
raw_scharr_ncc,原始 Scharr NCC,2,translation,100,24,94,0.94,0.7580645161290323,8.056684260676064,2.287942368107579,8.375251730903804,8.018193854103192,9.098723211560976,9.455432296372127,5.41286346734223,5.182158703742508,5.880436363509124,6.110949688420141,1.786594791447619,1.7451726864438313,2.4975084893423967,0.8648074110973285,2.2118062447255493,2.289915164378282,1.6141198286036924,0.5589194281589271,1.4294713368416685,1.4799554567917448,"{""kind"":""translation"",""coefficients"":[-7.632487266537376,1.8297585356747965],""centre"":[10158.670821099608,10449.704565449598],""scale"":[15389.150055266278,14336.889124427942]}",True,True
raw_scharr_ncc,原始 Scharr NCC,2,affine,100,24,94,0.94,0.7580645161290323,8.056684260676064,2.287942368107579,8.375251730903804,8.018193854103192,9.098723211560976,9.455432296372127,5.41286346734223,5.182158703742508,5.880436363509124,6.110949688420141,1.7544423196027485,1.8100321635978869,2.5207705738666344,0.8616410545948927,2.222714695987238,2.3340826282894223,1.6291539294670354,0.5568717821604591,1.4365274598414104,1.5084942070335339,"{""kind"":""affine"",""coefficients"":[[-7.630910721232874,1.8243160665264764],[0.1745103623334367,0.8011465861224188],[0.2432505329569894,-0.5932953329112821]],""centre"":[10158.670821099608,10449.704565449598],""scale"":[15389.150055266278,14336.889124427942]}",True,True
raw_scharr_ncc,原始 Scharr NCC,3,translation,100,24,95,0.95,0.7661290322580645,8.36196187380896,2.255262060191252,8.66075131493641,8.405223472840483,11.51185862442593,12.242625172517492,5.5973711211298065,5.432227570827489,7.440034129271362,7.912283626442942,1.9336223583242453,1.3677312687231906,2.3684560895348183,1.0600816797323356,4.17781101603621,4.833261629362201,1.530714191299701,0.6851213006240415,2.7000726667641874,3.1236826432108655,"{""kind"":""translation"",""coefficients"":[-7.569704630032737,1.8142656019309051],""centre"":[10068.279649422473,10467.183462981986],""scale"":[15540.494999322784,14336.889124427942]}",True,True
raw_scharr_ncc,原始 Scharr NCC,3,affine,100,24,95,0.95,0.7661290322580645,8.36196187380896,2.255262060191252,8.66075131493641,8.405223472840483,11.51185862442593,12.242625172517492,5.5973711211298065,5.432227570827489,7.440034129271362,7.912283626442942,1.9703539513442365,1.3685479411281762,2.399003576642606,1.4454828116538547,4.257068789791179,4.848711132074315,1.5504565985291507,0.9342013093346593,2.7512960641985917,3.1336674832969296,"{""kind"":""affine"",""coefficients"":[[-7.568045175213574,1.8113954436623214],[0.3808543223279439,0.6527643909465519],[0.3697624118289777,-0.6187855622594803]],""centre"":[10068.279649422473,10467.183462981986],""scale"":[15540.494999322784,14336.889124427942]}",True,True
raw_scharr_ncc,原始 Scharr NCC,4,translation,100,24,95,0.95,0.7661290322580645,8.338431391182128,2.231240201099444,8.631794187795132,8.018193854103192,11.499422351264123,12.242625172517492,5.578661751522963,5.182158703742508,7.432016775369327,7.912283626442942,1.828630468452191,1.3657424996346046,2.282354478484851,1.0550314682061144,4.1573162680175475,4.835015491227706,1.4750680914282739,0.681855537503938,2.686832999321874,3.1248161444066365,"{""kind"":""translation"",""coefficients"":[-7.569939326046855,1.801100295721274],""centre"":[10093.949872383686,10455.975970022886],""scale"":[15540.494999322784,14336.889124427942]}",True,True
raw_scharr_ncc,原始 Scharr NCC,4,affine,100,24,95,0.95,0.7661290322580645,8.338431391182128,2.231240201099444,8.631794187795132,8.018193854103192,11.499422351264123,12.242625172517492,5.578661751522963,5.182158703742508,7.432016775369327,7.912283626442942,1.8246487309737258,1.3540632701669204,2.272186244800184,1.0744559083545355,4.164726671961387,4.800628701724747,1.4684966013710012,0.6944104017704653,2.691622417265444,3.102592349145639,"{""kind"":""affine"",""coefficients"":[[-7.568373718723035,1.7987910376476495],[0.06385873215606432,0.627637440053512],[0.34230689350634774,-0.4799502772212846]],""centre"":[10093.949872383686,10455.975970022886],""scale"":[15540.494999322784,14336.889124427942]}",True,True
compact_64B_orientation_l1,64 B 方向空间码 / L1,0,translation,100,24,16,0.16,0.12903225806451613,8.17818338082941,2.0687489967833104,8.435781281076833,8.045778673328279,10.643970835394429,11.597802887281816,5.4519857066810395,5.199899503796688,6.87910502005879,7.495595712022296,1.6478207359052355,2.5678330698223726,3.051078473614315,2.8054519401129023,4.250444635214,4.354510557298291,1.971891330588163,1.8131460876949141,2.7470628221996134,2.8143108737151494,"{""kind"":""translation"",""coefficients"":[-8.549591119550882,-0.6619311102130041],""centre"":[10106.673931278063,10419.802665420139],""scale"":[15389.150055266278,14336.889124427942]}",True,True
compact_64B_orientation_l1,64 B 方向空间码 / L1,0,affine,100,24,24,0.24,0.1935483870967742,8.17818338082941,2.0687489967833104,8.435781281076833,8.045778673328279,10.643970835394429,11.597802887281816,5.4519857066810395,5.199899503796688,6.87910502005879,7.495595712022296,2.993718197369046,6.268337343022237,6.946538828163681,6.959259748624233,8.341854221984304,8.533845462765944,4.4895011023398705,4.497713660884045,5.391309194534634,5.515346089820198,"{""kind"":""affine"",""coefficients"":[[-10.46767657126353,-4.7056742665237525],[2.6611889640024944,-0.04055173641178656],[-2.7933139800892905,-2.044187961827924]],""centre"":[10106.673931278063,10419.802665420139],""scale"":[15389.150055266278,14336.889124427942]}",True,True
compact_64B_orientation_l1,64 B 方向空间码 / L1,1,translation,100,24,17,0.17,0.13709677419354838,8.395575231953076,2.2954639273083877,8.703725530883771,8.405634546159241,9.28248633257924,10.751221568040233,5.6251464791708905,5.4324798712571045,5.999178568611355,6.948396432599555,2.665709048446434,4.162201549908299,4.942663904518315,4.244155106001703,6.232676504638467,6.80731490724078,3.1944047320946845,2.7429733811894677,4.0281045676339495,4.399533598474451,"{""kind"":""translation"",""coefficients"":[-9.176910935770643,-2.183082802864394],""centre"":[10106.710274662273,10383.59344540793],""scale"":[15210.365471710013,14212.10636526954]}",True,True
compact_64B_orientation_l1,64 B 方向空间码 / L1,1,affine,100,24,21,0.21,0.1693548387096774,8.395575231953076,2.2954639273083877,8.703725530883771,8.405634546159241,9.28248633257924,10.751221568040233,5.6251464791708905,5.4324798712571045,5.999178568611355,6.948396432599555,2.785744070080376,9.494629531974073,9.894865333768934,7.858397691020691,13.827168323876164,14.183845964533788,6.395005669190469,5.078843237142971,8.936458517353048,9.166839822629564,"{""kind"":""affine"",""coefficients"":[[-8.601246437393003,2.4555479176980715],[-6.907220865283483,-39.38968761705917],[1.2223683599595834,13.475286638349433]],""centre"":[10106.710274662273,10383.59344540793],""scale"":[15210.365471710013,14212.10636526954]}",True,True
compact_64B_orientation_l1,64 B 方向空间码 / L1,2,translation,100,24,14,0.14,0.11290322580645161,8.056684260676064,2.287942368107579,8.375251730903804,8.018193854103192,9.098723211560976,9.455432296372127,5.41286346734223,5.182158703742508,5.880436363509124,6.110949688420141,2.033554933128725,2.6090574866555736,3.3079490072740954,2.4469020230939567,4.203130046369649,4.256710145952075,2.1379034295427197,1.5813998602110884,2.716459253676588,2.7510700049585646,"{""kind"":""translation"",""coefficients"":[-8.856818539390051,-0.4520993470042803],""centre"":[10158.670821099608,10449.704565449598],""scale"":[15389.150055266278,14336.889124427942]}",True,True
compact_64B_orientation_l1,64 B 方向空间码 / L1,2,affine,100,24,21,0.21,0.1693548387096774,8.056684260676064,2.287942368107579,8.375251730903804,8.018193854103192,9.098723211560976,9.455432296372127,5.41286346734223,5.182158703742508,5.880436363509124,6.110949688420141,2.202702902011738,5.405781313022081,5.837325730053932,3.833532583223298,9.833782729234214,10.771671855180998,3.772626785536286,2.4775934248793243,6.355560477265822,6.961814975455374,"{""kind"":""affine"",""coefficients"":[[-8.945013041588437,-0.13819582234536365],[-5.876412030057782,-25.873252143660707],[1.0079496641667607,8.243795514634051]],""centre"":[10158.670821099608,10449.704565449598],""scale"":[15389.150055266278,14336.889124427942]}",True,True
compact_64B_orientation_l1,64 B 方向空间码 / L1,3,translation,100,24,15,0.15,0.12096774193548387,8.36196187380896,2.255262060191252,8.66075131493641,8.405223472840483,11.51185862442593,12.242625172517492,5.5973711211298065,5.432227570827489,7.440034129271362,7.912283626442942,1.902267716501409,2.319982599405245,3.0001569503588645,2.485306611138018,4.229049218271998,4.400811685400384,1.9389787805883267,1.6062297537846861,2.733190253346317,2.8442181470825094,"{""kind"":""translation"",""coefficients"":[-8.629748849678549,-0.08074261731794],""centre"":[10068.279649422473,10467.183462981986],""scale"":[15540.494999322784,14336.889124427942]}",True,True
compact_64B_orientation_l1,64 B 方向空间码 / L1,3,affine,100,24,23,0.23,0.18548387096774194,8.36196187380896,2.255262060191252,8.66075131493641,8.405223472840483,11.51185862442593,12.242625172517492,5.5973711211298065,5.432227570827489,7.440034129271362,7.912283626442942,2.6864513446854077,6.669756687781621,7.190457224792433,7.130210763121637,8.78886293047417,9.051890822331332,4.647138557042574,4.6081905683232325,5.68018819066945,5.850177320762165,"{""kind"":""affine"",""coefficients"":[[-10.06073186290321,-4.761453295166646],[1.213356320767275,1.1551761923365202],[-1.9294449443283042,-2.462714071013023]],""centre"":[10068.279649422473,10467.183462981986],""scale"":[15540.494999322784,14336.889124427942]}",True,True
compact_64B_orientation_l1,64 B 方向空间码 / L1,4,translation,100,24,16,0.16,0.12903225806451613,8.338431391182128,2.231240201099444,8.631794187795132,8.018193854103192,11.499422351264123,12.242625172517492,5.578661751522963,5.182158703742508,7.432016775369327,7.912283626442942,1.8376597662065373,2.3297011991465033,2.967237957029891,2.624388530422939,4.081948232901444,4.291394875266663,1.9177036634133258,1.696121205598876,2.638116862792432,2.773502704925714,"{""kind"":""translation"",""coefficients"":[-8.770774782311598,-0.12294874401450215],""centre"":[10093.949872383686,10455.975970022886],""scale"":[15540.494999322784,14336.889124427942]}",True,True
compact_64B_orientation_l1,64 B 方向空间码 / L1,4,affine,100,24,25,0.25,0.20161290322580644,8.338431391182128,2.231240201099444,8.631794187795132,8.018193854103192,11.499422351264123,12.242625172517492,5.578661751522963,5.182158703742508,7.432016775369327,7.912283626442942,2.186421512950689,4.97651161089783,5.435633067609927,3.713855094534387,8.25944178279903,9.182764891670361,3.5130006876033635,2.400256117299656,5.338056177311111,5.934720684331148,"{""kind"":""affine"",""coefficients"":[[-9.193760831463901,0.30948786376384335],[-5.242394149585516,-21.8157324677022],[0.22054713484257846,8.262784237314875]],""centre"":[10093.949872383686,10455.975970022886],""scale"":[15540.494999322784,14336.889124427942]}",True,True
compact_128B_dct_sign_hamming,128 B DCT 符号码 / Hamming,0,translation,100,24,23,0.23,0.18548387096774194,8.17818338082941,2.0687489967833104,8.435781281076833,8.045778673328279,10.643970835394429,11.597802887281816,5.4519857066810395,5.199899503796688,6.87910502005879,7.495595712022296,8.198367125840075,5.676687068912437,9.971860388533974,10.292679375873771,11.178440190384098,11.25251655671812,6.444744066098641,6.652056098349236,7.224609242490032,7.272477419855683,"{""kind"":""translation"",""coefficients"":[-16.075467397049817,-4.055940084652943],""centre"":[10106.673931278063,10419.802665420139],""scale"":[15389.150055266278,14336.889124427942]}",True,True
compact_128B_dct_sign_hamming,128 B DCT 符号码 / Hamming,0,affine,100,24,25,0.25,0.20161290322580644,8.17818338082941,2.0687489967833104,8.435781281076833,8.045778673328279,10.643970835394429,11.597802887281816,5.4519857066810395,5.199899503796688,6.87910502005879,7.495595712022296,8.821737723960306,6.281132592250208,10.829389784829623,10.872462548532624,13.713628271548151,14.39191358980468,6.998947377952966,7.0267722970707,8.86295983491059,9.30135150202423,"{""kind"":""affine"",""coefficients"":[[-16.621713644634383,-4.512433335006338],[-2.5364868111293446,-8.233814647472364],[4.863384340034433,3.621768817595391]],""centre"":[10106.673931278063,10419.802665420139],""scale"":[15389.150055266278,14336.889124427942]}",True,True
compact_128B_dct_sign_hamming,128 B DCT 符号码 / Hamming,1,translation,100,24,27,0.27,0.21774193548387097,8.395575231953076,2.2954639273083877,8.703725530883771,8.405634546159241,9.28248633257924,10.751221568040233,5.6251464791708905,5.4324798712571045,5.999178568611355,6.948396432599555,8.630811389599312,6.1253316887019595,10.583505730118617,10.611091977316939,12.503941603292184,12.623994905718632,6.840045549464441,6.857823907098041,8.08117247421731,8.158734499163682,"{""kind"":""translation"",""coefficients"":[-16.32862770964527,-4.2498358208691505],""centre"":[10106.710274662273,10383.59344540793],""scale"":[15210.365471710013,14212.10636526954]}",True,True
compact_128B_dct_sign_hamming,128 B DCT 符号码 / Hamming,1,affine,100,24,30,0.3,0.24193548387096775,8.395575231953076,2.2954639273083877,8.703725530883771,8.405634546159241,9.28248633257924,10.751221568040233,5.6251464791708905,5.4324798712571045,5.999178568611355,6.948396432599555,9.285167778503498,7.549827492459475,11.967215041138708,11.589722343753564,16.038479999283535,16.304100179851748,7.7342976153712115,7.49032422057295,10.365430754088806,10.537130148973707,"{""kind"":""affine"",""coefficients"":[[-17.111822238074733,-5.723701390070411],[-8.436885898549304,-7.972596003147936],[4.565991428083348,3.1958670624348984]],""centre"":[10106.710274662273,10383.59344540793],""scale"":[15210.365471710013,14212.10636526954]}",True,True
compact_128B_dct_sign_hamming,128 B DCT 符号码 / Hamming,2,translation,100,24,24,0.24,0.1935483870967742,8.056684260676064,2.287942368107579,8.375251730903804,8.018193854103192,9.098723211560976,9.455432296372127,5.41286346734223,5.182158703742508,5.880436363509124,6.110949688420141,8.338908814813873,5.914009512493318,10.223155517531852,10.286902346740941,11.65856111113604,11.890992512571925,6.607153604107621,6.648306808879346,7.534878422477031,7.685060316645241,"{""kind"":""translation"",""coefficients"":[-16.007803974195213,-4.146461080310615],""centre"":[10158.670821099608,10449.704565449598],""scale"":[15389.150055266278,14336.889124427942]}",True,True
compact_128B_dct_sign_hamming,128 B DCT 符号码 / Hamming,2,affine,100,24,25,0.25,0.20161290322580644,8.056684260676064,2.287942368107579,8.375251730903804,8.018193854103192,9.098723211560976,9.455432296372127,5.41286346734223,5.182158703742508,5.880436363509124,6.110949688420141,8.788752813658403,6.378073644948982,10.859189630906226,9.888228933887302,14.830922017424665,17.515975936205194,7.018246706325025,6.390695153076869,9.585128447472387,11.320618628251195,"{""kind"":""affine"",""coefficients"":[[-15.515912773423716,-4.1623540203206115],[10.85126422697715,6.648453854565008],[5.781925269662461,2.531152607001129]],""centre"":[10158.670821099608,10449.704565449598],""scale"":[15389.150055266278,14336.889124427942]}",True,True
compact_128B_dct_sign_hamming,128 B DCT 符号码 / Hamming,3,translation,100,24,24,0.24,0.1935483870967742,8.36196187380896,2.255262060191252,8.66075131493641,8.405223472840483,11.51185862442593,12.242625172517492,5.5973711211298065,5.432227570827489,7.440034129271362,7.912283626442942,8.32500701414872,6.171898061311978,10.363303887508653,10.858988050797194,11.513262529680889,12.311615930661203,6.697722242362991,7.018048538794375,7.441035693564501,7.956933401516195,"{""kind"":""translation"",""coefficients"":[-16.27502355978595,-4.225168843082798],""centre"":[10068.279649422473,10467.183462981986],""scale"":[15540.494999322784,14336.889124427942]}",True,True
compact_128B_dct_sign_hamming,128 B DCT 符号码 / Hamming,3,affine,100,24,25,0.25,0.20161290322580644,8.36196187380896,2.255262060191252,8.66075131493641,8.405223472840483,11.51185862442593,12.242625172517492,5.5973711211298065,5.432227570827489,7.440034129271362,7.912283626442942,9.034143625110909,6.881664034056678,11.356630262395678,11.212249839447153,14.680410594906384,17.313651607663147,7.339721268087738,7.246398379880261,9.48782777663877,11.189825767725498,"{""kind"":""affine"",""coefficients"":[[-16.130955655662927,-4.650451165962741],[14.043699033474088,8.092886692984218],[2.47814703111093,0.6151691275059528]],""centre"":[10068.279649422473,10467.183462981986],""scale"":[15540.494999322784,14336.889124427942]}",True,True
compact_128B_dct_sign_hamming,128 B DCT 符号码 / Hamming,4,translation,100,24,24,0.24,0.1935483870967742,8.338431391182128,2.231240201099444,8.631794187795132,8.018193854103192,11.499422351264123,12.242625172517492,5.578661751522963,5.182158703742508,7.432016775369327,7.912283626442942,8.729184340771376,6.211665389917536,10.713703662668086,10.958658393865086,11.883970179101537,11.886022795978443,6.924185412797049,7.082441883244667,7.680567855751193,7.681805320055407,"{""kind"":""translation"",""coefficients"":[-16.712209419007724,-4.2949791513321145],""centre"":[10093.949872383686,10455.975970022886],""scale"":[15540.494999322784,14336.889124427942]}",True,True
compact_128B_dct_sign_hamming,128 B DCT 符号码 / Hamming,4,affine,100,24,28,0.28,0.22580645161290322,8.338431391182128,2.231240201099444,8.631794187795132,8.018193854103192,11.499422351264123,12.242625172517492,5.578661751522963,5.182158703742508,7.432016775369327,7.912283626442942,9.002627999338257,6.864126736594791,11.320934005218147,11.125419164302823,13.565363958405007,13.609833278805784,7.316624419285653,7.19027327124389,8.767128309179618,8.795846635235536,"{""kind"":""affine"",""coefficients"":[[-16.943659379193782,-4.8455489074661555],[-0.9601847823714045,-7.83108167477925],[2.788892680864307,2.716481557277149]],""centre"":[10093.949872383686,10455.975970022886],""scale"":[15540.494999322784,14336.889124427942]}",True,True
compact_256B_mag_orientation_hamming,256 B 幅值方向空间码 / Hamming,0,translation,100,24,52,0.52,0.41935483870967744,8.17818338082941,2.0687489967833104,8.435781281076833,8.045778673328279,10.643970835394429,11.597802887281816,5.4519857066810395,5.199899503796688,6.87910502005879,7.495595712022296,1.5685088439044064,1.571207049047461,2.2201152187178863,1.3755852508965933,3.906774848884063,4.61871719888379,1.4348450118411704,0.889032166487725,2.5249099323113096,2.985037951629609,"{""kind"":""translation"",""coefficients"":[-7.895032163172711,1.8606195579230893],""centre"":[10106.673931278063,10419.802665420139],""scale"":[15389.150055266278,14336.889124427942]}",True,True
compact_256B_mag_orientation_hamming,256 B 幅值方向空间码 / Hamming,0,affine,100,24,46,0.46,0.3709677419354839,8.17818338082941,2.0687489967833104,8.435781281076833,8.045778673328279,10.643970835394429,11.597802887281816,5.4519857066810395,5.199899503796688,6.87910502005879,7.495595712022296,2.0234317329670484,2.3579118372496795,3.1070925654412345,2.465915688931434,4.520555173576574,5.7345206831242646,2.0080931548902323,1.5937332994723983,2.921586235817788,3.7061727424097675,"{""kind"":""affine"",""coefficients"":[[-8.000049608032288,2.1593969250573943],[3.354384771984576,0.7030445214420276],[2.312292216006594,4.185380351856614]],""centre"":[10106.673931278063,10419.802665420139],""scale"":[15389.150055266278,14336.889124427942]}",True,True
compact_256B_mag_orientation_hamming,256 B 幅值方向空间码 / Hamming,1,translation,100,24,57,0.57,0.4596774193548387,8.395575231953076,2.2954639273083877,8.703725530883771,8.405634546159241,9.28248633257924,10.751221568040233,5.6251464791708905,5.4324798712571045,5.999178568611355,6.948396432599555,2.4193992290074577,1.6091213022200466,2.905643473411736,1.3909206031412755,2.766929780884486,3.3557925401573323,1.8778850274601055,0.8989436224252393,1.788238382427023,2.168832530852923,"{""kind"":""translation"",""coefficients"":[-7.851247578663082,1.9965840537968194],""centre"":[10106.710274662273,10383.59344540793],""scale"":[15210.365471710013,14212.10636526954]}",True,True
compact_256B_mag_orientation_hamming,256 B 幅值方向空间码 / Hamming,1,affine,100,24,53,0.53,0.4274193548387097,8.395575231953076,2.2954639273083877,8.703725530883771,8.405634546159241,9.28248633257924,10.751221568040233,5.6251464791708905,5.4324798712571045,5.999178568611355,6.948396432599555,2.3257894734319806,1.6806467105706864,2.8694720839344434,1.66634471939639,3.3933693437068793,3.9535484252004354,1.8545098978390144,1.0769412476511708,2.193120040499115,2.5551334766476006,"{""kind"":""affine"",""coefficients"":[[-8.27299653139225,2.184843853990318],[-1.5552479951668674,-0.6557567475628587],[1.2435910497931162,2.945670608253587]],""centre"":[10106.710274662273,10383.59344540793],""scale"":[15210.365471710013,14212.10636526954]}",True,True
compact_256B_mag_orientation_hamming,256 B 幅值方向空间码 / Hamming,2,translation,100,24,51,0.51,0.4112903225806452,8.056684260676064,2.287942368107579,8.375251730903804,8.018193854103192,9.098723211560976,9.455432296372127,5.41286346734223,5.182158703742508,5.880436363509124,6.110949688420141,1.7737845778450405,1.741288279053451,2.485638066849202,0.9286061311778523,2.3118892158245234,2.423614654628457,1.6064482479167512,0.6001559451345659,1.4941593582228603,1.5663721214686264,"{""kind"":""translation"",""coefficients"":[-7.935968447289479,1.8076022348024805],""centre"":[10158.670821099608,10449.704565449598],""scale"":[15389.150055266278,14336.889124427942]}",True,True
compact_256B_mag_orientation_hamming,256 B 幅值方向空间码 / Hamming,2,affine,100,24,48,0.48,0.3870967741935484,8.056684260676064,2.287942368107579,8.375251730903804,8.018193854103192,9.098723211560976,9.455432296372127,5.41286346734223,5.182158703742508,5.880436363509124,6.110949688420141,2.032982621338931,1.8456471425890093,2.7458025627515696,1.8807627410091805,4.110060782623639,4.415856943038494,1.7745932472927244,1.2155179143819264,2.656303477532409,2.853942633618571,"{""kind"":""affine"",""coefficients"":[[-8.996343780246146,1.2173537212109091],[0.9306584433548734,-2.251527012193274],[4.584093992233448,6.771225936337763]],""centre"":[10158.670821099608,10449.704565449598],""scale"":[15389.150055266278,14336.889124427942]}",True,True
compact_256B_mag_orientation_hamming,256 B 幅值方向空间码 / Hamming,3,translation,100,24,56,0.56,0.45161290322580644,8.36196187380896,2.255262060191252,8.66075131493641,8.405223472840483,11.51185862442593,12.242625172517492,5.5973711211298065,5.432227570827489,7.440034129271362,7.912283626442942,1.9350237934348817,1.3996386757451,2.3881594385217704,1.199937689200659,4.131737496131027,4.804261584953388,1.5434482125744242,0.7755089876684902,2.670295872342797,3.104940240769478,"{""kind"":""translation"",""coefficients"":[-7.565102621375138,2.091199585125176],""centre"":[10068.279649422473,10467.183462981986],""scale"":[15540.494999322784,14336.889124427942]}",True,True
compact_256B_mag_orientation_hamming,256 B 幅值方向空间码 / Hamming,3,affine,100,24,56,0.56,0.45161290322580644,8.36196187380896,2.255262060191252,8.66075131493641,8.405223472840483,11.51185862442593,12.242625172517492,5.5973711211298065,5.432227570827489,7.440034129271362,7.912283626442942,1.896239246960376,1.4434155094776395,2.3831012598531034,1.3320482600441559,3.9672936230126536,4.677246020078239,1.5401799226116055,0.860894498024307,2.564017646222058,3.022851509292661,"{""kind"":""affine"",""coefficients"":[[-7.669458317393303,2.0641686027841084],[-0.12039682044168067,1.06376870845476],[-0.08827267195834376,0.4484197159792495]],""centre"":[10068.279649422473,10467.183462981986],""scale"":[15540.494999322784,14336.889124427942]}",True,True
compact_256B_mag_orientation_hamming,256 B 幅值方向空间码 / Hamming,4,translation,100,24,58,0.58,0.46774193548387094,8.338431391182128,2.231240201099444,8.631794187795132,8.018193854103192,11.499422351264123,12.242625172517492,5.578661751522963,5.182158703742508,7.432016775369327,7.912283626442942,1.7751555653722044,1.4383377521908243,2.2847303496581963,1.4255021062388014,3.9271141434936436,4.5923532054451375,1.476603586193077,0.921289578869836,2.5380555270971588,2.9679862376322124,"{""kind"":""translation"",""coefficients"":[-7.767436674851871,2.2174320308932063],""centre"":[10093.949872383686,10455.975970022886],""scale"":[15540.494999322784,14336.889124427942]}",True,True
compact_256B_mag_orientation_hamming,256 B 幅值方向空间码 / Hamming,4,affine,100,24,54,0.54,0.43548387096774194,8.338431391182128,2.231240201099444,8.631794187795132,8.018193854103192,11.499422351264123,12.242625172517492,5.578661751522963,5.182158703742508,7.432016775369327,7.912283626442942,1.7729760909589296,1.6773573946286502,2.4406908957152726,1.5490376878295464,3.702294499520085,4.466350436284708,1.5774008871558158,1.0011367429360372,2.392756345455793,2.8865520641642104,"{""kind"":""affine"",""coefficients"":[[-8.139595975059073,2.3208893775870747],[1.286959543508671,-0.4217825513376608],[-0.20474821217234956,2.1483821571120507]],""centre"":[10093.949872383686,10455.975970022886],""scale"":[15540.494999322784,14336.889124427942]}",True,True
webp_q30_ncc,WebP Q30 + Scharr NCC,0,translation,100,24,89,0.89,0.717741935483871,8.17818338082941,2.0687489967833104,8.435781281076833,8.045778673328279,10.643970835394429,11.597802887281816,5.4519857066810395,5.199899503796688,6.87910502005879,7.495595712022296,1.6309146035855133,1.5745411637858169,2.26695000400196,1.0764131644592743,4.105022356034949,4.875458337061696,1.4651139122806183,0.6956791133480016,2.6530457909358303,3.150956174814131,"{""kind"":""translation"",""coefficients"":[-7.561408094007389,1.8722869669152962],""centre"":[10106.673931278063,10419.802665420139],""scale"":[15389.150055266278,14336.889124427942]}",True,True
webp_q30_ncc,WebP Q30 + Scharr NCC,0,affine,100,24,89,0.89,0.717741935483871,8.17818338082941,2.0687489967833104,8.435781281076833,8.045778673328279,10.643970835394429,11.597802887281816,5.4519857066810395,5.199899503796688,6.87910502005879,7.495595712022296,1.6652180349771581,1.5211117081132954,2.255378445532487,0.8936133130151815,4.065182285683259,4.808172337653446,1.4576353419431096,0.5775350921205347,2.6272817927419108,3.107481178734193,"{""kind"":""affine"",""coefficients"":[[-7.560951687171293,1.866461466735828],[-0.065232640038777,0.5885730541467633],[0.6645987068730291,-0.6292022540635086]],""centre"":[10106.673931278063,10419.802665420139],""scale"":[15389.150055266278,14336.889124427942]}",True,True
webp_q30_ncc,WebP Q30 + Scharr NCC,1,translation,100,24,89,0.89,0.717741935483871,8.395575231953076,2.2954639273083877,8.703725530883771,8.405634546159241,9.28248633257924,10.751221568040233,5.6251464791708905,5.4324798712571045,5.999178568611355,6.948396432599555,2.461146908729533,1.5857017454317037,2.927745571564252,1.2978706883299578,2.939405093194401,3.2607481584028837,1.892169110985866,0.8387958015552184,1.8997242229511273,2.1073878520949867,"{""kind"":""translation"",""coefficients"":[-7.55175943636511,1.848914286041665],""centre"":[10106.710274662273,10383.59344540793],""scale"":[15210.365471710013,14212.10636526954]}",True,True
webp_q30_ncc,WebP Q30 + Scharr NCC,1,affine,100,24,89,0.89,0.717741935483871,8.395575231953076,2.2954639273083877,8.703725530883771,8.405634546159241,9.28248633257924,10.751221568040233,5.6251464791708905,5.4324798712571045,5.999178568611355,6.948396432599555,2.3994382999319215,1.6376429532797268,2.9050264366451017,1.3080396319528709,2.8952840110607614,3.5047054537964075,1.8774860412187595,0.8453762030394165,1.8712089793672289,2.2650546110554015,"{""kind"":""affine"",""coefficients"":[[-7.5465841372536975,1.8372777391454695],[0.14543030270974883,0.6246801452241004],[0.7364589433159469,-0.6027148177299697]],""centre"":[10106.710274662273,10383.59344540793],""scale"":[15210.365471710013,14212.10636526954]}",True,True
webp_q30_ncc,WebP Q30 + Scharr NCC,2,translation,100,24,89,0.89,0.717741935483871,8.056684260676064,2.287942368107579,8.375251730903804,8.018193854103192,9.098723211560976,9.455432296372127,5.41286346734223,5.182158703742508,5.880436363509124,6.110949688420141,1.7897916942246044,1.7423728933501312,2.4978425907564086,0.8825098982952895,2.221450362488295,2.2909805490042605,1.6143357468868829,0.5703604146232188,1.4357041736002307,1.4806439931430693,"{""kind"":""translation"",""coefficients"":[-7.608553186182728,1.8139479470865882],""centre"":[10158.670821099608,10449.704565449598],""scale"":[15389.150055266278,14336.889124427942]}",True,True
webp_q30_ncc,WebP Q30 + Scharr NCC,2,affine,100,24,89,0.89,0.717741935483871,8.056684260676064,2.287942368107579,8.375251730903804,8.018193854103192,9.098723211560976,9.455432296372127,5.41286346734223,5.182158703742508,5.880436363509124,6.110949688420141,1.7066213982433767,1.8258650152353197,2.4992678229438425,0.8222076703642969,2.2167001725195696,2.4551274848590707,1.6152568403250258,0.5313882656390858,1.4326403184235135,1.5867242111811337,"{""kind"":""affine"",""coefficients"":[[-7.604283028872596,1.7993020173572882],[0.1224525314814861,0.8176543171403382],[0.6622168914309011,-0.7504747079299378]],""centre"":[10158.670821099608,10449.704565449598],""scale"":[15389.150055266278,14336.889124427942]}",True,True
webp_q30_ncc,WebP Q30 + Scharr NCC,3,translation,100,24,89,0.89,0.717741935483871,8.36196187380896,2.255262060191252,8.66075131493641,8.405223472840483,11.51185862442593,12.242625172517492,5.5973711211298065,5.432227570827489,7.440034129271362,7.912283626442942,1.9378740284301657,1.3683092165383364,2.372261760878827,1.058021214856368,4.186150051666801,4.84344967113991,1.5331737412351725,0.6837896406177626,2.705462092944849,3.130267060088956,"{""kind"":""translation"",""coefficients"":[-7.555841755560586,1.838258635382068],""centre"":[10068.279649422473,10467.183462981986],""scale"":[15540.494999322784,14336.889124427942]}",True,True
webp_q30_ncc,WebP Q30 + Scharr NCC,3,affine,100,24,89,0.89,0.717741935483871,8.36196187380896,2.255262060191252,8.66075131493641,8.405223472840483,11.51185862442593,12.242625172517492,5.5973711211298065,5.432227570827489,7.440034129271362,7.912283626442942,1.9764295370425258,1.3694591268640772,2.4045149230240708,1.4947931642956405,4.245823908698506,4.789552521765386,1.5540185360887386,0.9660685028910636,2.7440286114057146,3.0954339387009333,"{""kind"":""affine"",""coefficients"":[[-7.553194325021211,1.830420420181479],[0.14947198310532336,0.6952804192821213],[0.750299966216191,-0.763867100270052]],""centre"":[10068.279649422473,10467.183462981986],""scale"":[15540.494999322784,14336.889124427942]}",True,True
webp_q30_ncc,WebP Q30 + Scharr NCC,4,translation,100,24,91,0.91,0.7338709677419355,8.338431391182128,2.231240201099444,8.631794187795132,8.018193854103192,11.499422351264123,12.242625172517492,5.578661751522963,5.182158703742508,7.432016775369327,7.912283626442942,1.8297484990878043,1.3665811200357898,2.2837520722601097,1.0618939287037232,4.157745271246983,4.834892730842714,1.4759713397921939,0.6862906722497402,2.687110260090198,3.124736805767722,"{""kind"":""translation"",""coefficients"":[-7.566463480463813,1.8248734193099656],""centre"":[10093.949872383686,10455.975970022886],""scale"":[15540.494999322784,14336.889124427942]}",True,True
webp_q30_ncc,WebP Q30 + Scharr NCC,4,affine,100,24,91,0.91,0.7338709677419355,8.338431391182128,2.231240201099444,8.631794187795132,8.018193854103192,11.499422351264123,12.242625172517492,5.578661751522963,5.182158703742508,7.432016775369327,7.912283626442942,1.8231708059154537,1.3463528218507423,2.2664107545738177,1.0967200905495034,4.149883111819237,4.730733482330946,1.4647639967918187,0.7087968778843067,2.682029366270349,3.057419854803309,"{""kind"":""affine"",""coefficients"":[[-7.562047892247582,1.8195088640562203],[-0.1872930008131392,0.6113116982410486],[0.7267899958797355,-0.6342278310323104]],""centre"":[10093.949872383686,10455.975970022886],""scale"":[15540.494999322784,14336.889124427942]}",True,True
jpeg2000_100_ncc,JPEG2000 100 + Scharr NCC,0,translation,100,24,94,0.94,0.7580645161290323,8.17818338082941,2.0687489967833104,8.435781281076833,8.045778673328279,10.643970835394429,11.597802887281816,5.4519857066810395,5.199899503796688,6.87910502005879,7.495595712022296,1.6174733128910475,1.5645672632031526,2.250353447572568,1.1046149875497613,4.047420863282885,4.829401211802704,1.4543876983731892,0.7139057756819954,2.6158139422726263,3.1211899444201054,"{""kind"":""translation"",""coefficients"":[-7.610877305191634,1.8364975785738935],""centre"":[10106.673931278063,10419.802665420139],""scale"":[15389.150055266278,14336.889124427942]}",True,True
jpeg2000_100_ncc,JPEG2000 100 + Scharr NCC,0,affine,100,24,94,0.94,0.7580645161290323,8.17818338082941,2.0687489967833104,8.435781281076833,8.045778673328279,10.643970835394429,11.597802887281816,5.4519857066810395,5.199899503796688,6.87910502005879,7.495595712022296,1.6399068165136441,1.5065203004627945,2.226858276261519,0.9241065955956804,3.9683305198025147,4.777998947692591,1.4392029372620627,0.597241551405244,2.5646984574946607,3.0879691782589793,"{""kind"":""affine"",""coefficients"":[[-7.613477177317957,1.8355321037087517],[0.14172445771973383,0.787669599110104],[0.4459730801032545,-0.7468399470513001]],""centre"":[10106.673931278063,10419.802665420139],""scale"":[15389.150055266278,14336.889124427942]}",True,True
jpeg2000_100_ncc,JPEG2000 100 + Scharr NCC,1,translation,100,24,92,0.92,0.7419354838709677,8.395575231953076,2.2954639273083877,8.703725530883771,8.405634546159241,9.28248633257924,10.751221568040233,5.6251464791708905,5.4324798712571045,5.999178568611355,6.948396432599555,2.4480574473308963,1.583046285226513,2.915308012303627,1.2893608623864017,2.9426794184809264,3.2590069089877076,1.8841309105644943,0.833296091527962,1.9018232659141494,2.1062800270915276,"{""kind"":""translation"",""coefficients"":[-7.622440378152777,1.8237063058331595],""centre"":[10106.710274662273,10383.59344540793],""scale"":[15210.365471710013,14212.10636526954]}",True,True
jpeg2000_100_ncc,JPEG2000 100 + Scharr NCC,1,affine,100,24,92,0.92,0.7419354838709677,8.395575231953076,2.2954639273083877,8.703725530883771,8.405634546159241,9.28248633257924,10.751221568040233,5.6251464791708905,5.4324798712571045,5.999178568611355,6.948396432599555,2.3936051041905806,1.654843818628841,2.9099576386712718,1.3007621103482563,2.9596537589487797,3.4279599216066936,1.8806731144179336,0.840672976163862,1.912810955089742,2.21545498762288,"{""kind"":""affine"",""coefficients"":[[-7.621915273304012,1.816371927625845],[0.07261545304911111,0.8494354299931661],[0.6181987416141692,-0.7513675935458813]],""centre"":[10106.710274662273,10383.59344540793],""scale"":[15210.365471710013,14212.10636526954]}",True,True
jpeg2000_100_ncc,JPEG2000 100 + Scharr NCC,2,translation,100,24,92,0.92,0.7419354838709677,8.056684260676064,2.287942368107579,8.375251730903804,8.018193854103192,9.098723211560976,9.455432296372127,5.41286346734223,5.182158703742508,5.880436363509124,6.110949688420141,1.7825933545236685,1.7458295535867414,2.4951071916390335,0.8603874731752972,2.2087098843961344,2.277003130723198,1.6125679050860133,0.5560656393103041,1.42747026118834,1.471610507343905,"{""kind"":""translation"",""coefficients"":[-7.666512592650255,1.8333584344527047],""centre"":[10158.670821099608,10449.704565449598],""scale"":[15389.150055266278,14336.889124427942]}",True,True
jpeg2000_100_ncc,JPEG2000 100 + Scharr NCC,2,affine,100,24,92,0.92,0.7419354838709677,8.056684260676064,2.287942368107579,8.375251730903804,8.018193854103192,9.098723211560976,9.455432296372127,5.41286346734223,5.182158703742508,5.880436363509124,6.110949688420141,1.706123387468038,1.8392928326964562,2.508755695095472,0.8631466314710753,2.2244800475210353,2.3886008923871707,1.6213888182051728,0.5578435239155982,1.437668441497762,1.5437287727874471,"{""kind"":""affine"",""coefficients"":[[-7.666002415576096,1.8252019984930925],[0.03399169597090102,0.9673781164908463],[0.597283841746283,-0.8208114220271825]],""centre"":[10158.670821099608,10449.704565449598],""scale"":[15389.150055266278,14336.889124427942]}",True,True
jpeg2000_100_ncc,JPEG2000 100 + Scharr NCC,3,translation,100,24,94,0.94,0.7580645161290323,8.36196187380896,2.255262060191252,8.66075131493641,8.405223472840483,11.51185862442593,12.242625172517492,5.5973711211298065,5.432227570827489,7.440034129271362,7.912283626442942,1.9324160903776884,1.3675707499594456,2.3673786563402213,1.0551734353024436,4.1784333543655885,4.8324482019582495,1.5300178663658213,0.6819491461837903,2.700474876549217,3.123156934209455,"{""kind"":""translation"",""coefficients"":[-7.573692154960087,1.793640966803071],""centre"":[10068.279649422473,10467.183462981986],""scale"":[15540.494999322784,14336.889124427942]}",True,True
jpeg2000_100_ncc,JPEG2000 100 + Scharr NCC,3,affine,100,24,94,0.94,0.7580645161290323,8.36196187380896,2.255262060191252,8.66075131493641,8.405223472840483,11.51185862442593,12.242625172517492,5.5973711211298065,5.432227570827489,7.440034129271362,7.912283626442942,1.9684136144008797,1.373462040019618,2.4002187676821434,1.5069329290862494,4.241159108652741,4.803537173842603,1.5512420351524123,0.9739141809055032,2.7410138078724624,3.104472062056379,"{""kind"":""affine"",""coefficients"":[[-7.573620019579319,1.7917812771372046],[0.25746801726575697,0.8543322936351049],[0.5589496659292373,-0.8295680058398354]],""centre"":[10068.279649422473,10467.183462981986],""scale"":[15540.494999322784,14336.889124427942]}",True,True
jpeg2000_100_ncc,JPEG2000 100 + Scharr NCC,4,translation,100,24,94,0.94,0.7580645161290323,8.338431391182128,2.231240201099444,8.631794187795132,8.018193854103192,11.499422351264123,12.242625172517492,5.578661751522963,5.182158703742508,7.432016775369327,7.912283626442942,1.817430181969013,1.365510826954195,2.2732514785788767,1.0838579215097304,4.1230582813844165,4.801096340869012,1.4691849064790612,0.7004857655040295,2.664692382851243,3.1028945788642237,"{""kind"":""translation"",""coefficients"":[-7.605844241357334,1.7909739020167417],""centre"":[10093.949872383686,10455.975970022886],""scale"":[15540.494999322784,14336.889124427942]}",True,True
jpeg2000_100_ncc,JPEG2000 100 + Scharr NCC,4,affine,100,24,94,0.94,0.7580645161290323,8.338431391182128,2.231240201099444,8.631794187795132,8.018193854103192,11.499422351264123,12.242625172517492,5.578661751522963,5.182158703742508,7.432016775369327,7.912283626442942,1.8109960968086365,1.3481978179850105,2.257729881778522,1.1329077774606542,4.121347899010676,4.725455212290532,1.4591536150602384,0.7321949224879629,2.6635872370649807,3.0540085681782556,"{""kind"":""affine"",""coefficients"":[[-7.605342404283847,1.7890344373031053],[-0.04373716182625969,0.8467147037968641],[0.5231904945522076,-0.7813702738342795]],""centre"":[10093.949872383686,10455.975970022886],""scale"":[15540.494999322784,14336.889124427942]}",True,True
compact_128B_multiscale_dct_sign_hamming,128 B 四尺度 DCT 符号码 / Hamming,0,translation,100,24,6,0.06,0.04838709677419355,8.17818338082941,2.0687489967833104,8.435781281076833,8.045778673328279,10.643970835394429,11.597802887281816,5.4519857066810395,5.199899503796688,6.87910502005879,7.495595712022296,6.275510426823454,6.826427541766143,9.27265571991936,9.50976844669534,10.675423969292734,10.846295853207423,5.992853040639323,6.146068567659466,6.8994660303219755,7.009974990357425,"{""kind"":""translation"",""coefficients"":[-14.105227597986717,-5.240961264827168],""centre"":[10106.673931278063,10419.802665420139],""scale"":[15389.150055266278,14336.889124427942]}",True,True
compact_128B_multiscale_dct_sign_hamming,128 B 四尺度 DCT 符号码 / Hamming,0,affine,100,24,13,0.13,0.10483870967741936,8.17818338082941,2.0687489967833104,8.435781281076833,8.045778673328279,10.643970835394429,11.597802887281816,5.4519857066810395,5.199899503796688,6.87910502005879,7.495595712022296,9.04075995266018,7.188366879542922,11.550236314315553,10.6384531349971,16.75242895573949,17.033618148940327,7.464863732857894,6.875572633243822,10.827015938842194,11.00885159189318,"{""kind"":""affine"",""coefficients"":[[-16.18708703615687,-4.762986068360071],[12.1818646666608,6.094632872452028],[0.9023574648701875,6.7424054049041136]],""centre"":[10106.673931278063,10419.802665420139],""scale"":[15389.150055266278,14336.889124427942]}",True,True
compact_128B_multiscale_dct_sign_hamming,128 B 四尺度 DCT 符号码 / Hamming,1,translation,100,24,6,0.06,0.04838709677419355,8.395575231953076,2.2954639273083877,8.703725530883771,8.405634546159241,9.28248633257924,10.751221568040233,5.6251464791708905,5.4324798712571045,5.999178568611355,6.948396432599555,7.323882319140754,6.712458205708105,9.934603534515135,9.87200201119847,11.820551638059264,11.958175900940905,6.420664363758034,6.380158757167758,7.639504324004372,7.728423767495303,"{""kind"":""translation"",""coefficients"":[-14.957016405606131,-4.855532838820561],""centre"":[10106.710274662273,10383.59344540793],""scale"":[15210.365471710013,14212.10636526954]}",True,True
compact_128B_multiscale_dct_sign_hamming,128 B 四尺度 DCT 符号码 / Hamming,1,affine,100,24,12,0.12,0.0967741935483871,8.395575231953076,2.2954639273083877,8.703725530883771,8.405634546159241,9.28248633257924,10.751221568040233,5.6251464791708905,5.4324798712571045,5.999178568611355,6.948396432599555,11.154215655653466,8.15099559674344,13.815037318478582,12.743955690855756,20.60852061950037,22.17989075042285,8.928624579847563,8.236325807356216,13.319237528507298,14.334893074517982,"{""kind"":""affine"",""coefficients"":[[-16.939650940566917,-4.1858084668639],[20.63636397120301,18.66450837540251],[-8.234714308979571,-8.583755835561014]],""centre"":[10106.710274662273,10383.59344540793],""scale"":[15210.365471710013,14212.10636526954]}",True,True
compact_128B_multiscale_dct_sign_hamming,128 B 四尺度 DCT 符号码 / Hamming,2,translation,100,24,5,0.05,0.04032258064516129,8.056684260676064,2.287942368107579,8.375251730903804,8.018193854103192,9.098723211560976,9.455432296372127,5.41286346734223,5.182158703742508,5.880436363509124,6.110949688420141,6.339966288196236,7.613338638145392,9.907476861166131,9.889382598185929,11.255186380533447,11.477718792419038,6.403132619424941,6.391394362212086,7.274171499527773,7.4179617602235535,"{""kind"":""translation"",""coefficients"":[-13.946630741258195,-5.904324686630662],""centre"":[10158.670821099608,10449.704565449598],""scale"":[15389.150055266278,14336.889124427942]}",True,True
compact_128B_multiscale_dct_sign_hamming,128 B 四尺度 DCT 符号码 / Hamming,2,affine,100,24,11,0.11,0.08870967741935484,8.056684260676064,2.287942368107579,8.375251730903804,8.018193854103192,9.098723211560976,9.455432296372127,5.41286346734223,5.182158703742508,5.880436363509124,6.110949688420141,5.519036646913353,2.784929405986982,6.1818765198201415,6.05283333292496,8.28055486908017,8.550660266149753,3.9953124742808437,3.911899621715988,5.351678186340002,5.526348527924337,"{""kind"":""affine"",""coefficients"":[[-12.953612762316759,2.8124819694930228],[2.116875720484281,-9.171818163144279],[4.4970376336043,5.4539792440023795]],""centre"":[10158.670821099608,10449.704565449598],""scale"":[15389.150055266278,14336.889124427942]}",True,True
compact_128B_multiscale_dct_sign_hamming,128 B 四尺度 DCT 符号码 / Hamming,3,translation,100,24,7,0.07,0.056451612903225805,8.36196187380896,2.255262060191252,8.66075131493641,8.405223472840483,11.51185862442593,12.242625172517492,5.5973711211298065,5.432227570827489,7.440034129271362,7.912283626442942,7.259451419534031,2.616731694283265,7.716665061569098,8.181936445417206,8.757022934743281,9.569504918482004,4.987221227409663,5.287936995127551,5.6595847230143415,6.184684352026179,"{""kind"":""translation"",""coefficients"":[-15.178210080905826,-0.43761792258244114],""centre"":[10068.279649422473,10467.183462981986],""scale"":[15540.494999322784,14336.889124427942]}",True,True
compact_128B_multiscale_dct_sign_hamming,128 B 四尺度 DCT 符号码 / Hamming,3,affine,100,24,13,0.13,0.10483870967741936,8.36196187380896,2.255262060191252,8.66075131493641,8.405223472840483,11.51185862442593,12.242625172517492,5.5973711211298065,5.432227570827489,7.440034129271362,7.912283626442942,8.729811953439437,7.122165170133744,11.26653688819596,10.457634246515413,15.692501103050786,16.134041599185355,7.281486918886477,6.758658304628129,10.142039738658543,10.427310022632255,"{""kind"":""affine"",""coefficients"":[[-16.157779206154668,-4.561543643026349],[10.337158364896702,4.395879650949191],[1.3308442167551537,7.53642108764655]],""centre"":[10068.279649422473,10467.183462981986],""scale"":[15540.494999322784,14336.889124427942]}",True,True
compact_128B_multiscale_dct_sign_hamming,128 B 四尺度 DCT 符号码 / Hamming,4,translation,100,24,4,0.04,0.03225806451612903,8.338431391182128,2.231240201099444,8.631794187795132,8.018193854103192,11.499422351264123,12.242625172517492,5.578661751522963,5.182158703742508,7.432016775369327,7.912283626442942,5.2611880242557865,7.196923044520803,8.914920119402478,8.896461347793279,10.372852079533502,10.374821955536909,5.761645319578404,5.74967009610209,6.703937577175491,6.7051328993436865,"{""kind"":""translation"",""coefficients"":[-13.124505417749788,-5.301447202638997],""centre"":[10093.949872383686,10455.975970022886],""scale"":[15540.494999322784,14336.889124427942]}",True,True
compact_128B_multiscale_dct_sign_hamming,128 B 四尺度 DCT 符号码 / Hamming,4,affine,100,24,11,0.11,0.08870967741935484,8.338431391182128,2.231240201099444,8.631794187795132,8.018193854103192,11.499422351264123,12.242625172517492,5.578661751522963,5.182158703742508,7.432016775369327,7.912283626442942,8.207501667329343,5.858309223880329,10.083792470187754,7.713665180526614,14.748854946603128,19.42819106354828,6.51706904258613,4.985272833094589,9.532009718802474,12.556253897680596,"{""kind"":""affine"",""coefficients"":[[-15.08577172293708,-0.019941659673993733],[0.14180150221230534,-13.251739482043192],[14.671206452052518,19.32770340683714]],""centre"":[10093.949872383686,10455.975970022886],""scale"":[15540.494999322784,14336.889124427942]}",True,True
