method,method_label_cn,candidate_pool_size,target_year,attempted_gcps,true_candidate_available_count,candidate_coverage_rate_2px,candidate_coverage_rate_5px,candidate_coverage_rate_10px,gcp_reuse_at_1,gcp_reuse_at_5,gcp_reuse_at_10,conditional_reuse_at_1,conditional_reuse_at_5,mean_rank,median_rank,mrr,conditional_mrr,median_margin,p10_margin,p50_margin,p90_margin,reuse_failure_rate,catastrophic_wrong_match_rate,bytes_per_gcp_mean,bytes_per_gcp_median,compression_ratio_mean,median_normalized_margin,p10_normalized_margin,p90_normalized_margin
raw_ncc,原始灰度 NCC,100,2025,470,14,0.0234042553191489,0.0297872340425531,0.0297872340425531,0.0297872340425531,0.0297872340425531,0.0297872340425531,1.0,1.0,1.0,1.0,0.0297872340425531,1.0,0.411196768283844,0.2012584447860718,0.411196768283844,0.6579354882240296,0.9702127659574468,0.0,65536.0,65536.0,1.0,1.3989850726734319,0.61065987337218,2.9134564351027468
raw_ncc,原始灰度 NCC,500,2025,470,28,0.0468085106382978,0.0595744680851063,0.0723404255319148,0.0595744680851063,0.0595744680851063,0.0595744680851063,1.0,1.0,1.0,1.0,0.0595744680851063,1.0,0.3977213501930237,0.1105878889560699,0.3977213501930237,0.616983437538147,0.9404255319148936,0.0,65536.0,65536.0,1.0,1.420932080646864,0.18650988915909214,2.8123735823974827
raw_ncc,原始灰度 NCC,1000,2025,470,40,0.0638297872340425,0.0851063829787234,0.1191489361702127,0.0829787234042553,0.0851063829787234,0.0851063829787234,0.975,1.0,1.1,1.0,0.0834042553191489,0.98,0.3839569985866546,0.1155404031276702,0.3839569985866546,0.6075729846954345,0.9170212765957448,0.002127659574468,65536.0,65536.0,1.0,1.420932080646864,0.19160004384670912,2.774897095813913
raw_ncc,原始灰度 NCC,5000,2025,470,101,0.1531914893617021,0.2148936170212766,0.3127659574468085,0.2127659574468085,0.2127659574468085,0.2127659574468085,0.99009900990099,0.99009900990099,1.1683168316831682,1.0,0.2128841607565011,0.9906490649064906,0.4188368320465088,0.0790573954582214,0.4188368320465088,0.602605938911438,0.7872340425531915,0.002127659574468,65536.0,65536.0,1.0,1.3613845639851077,0.15412920678616532,3.6058658219427278
webp_q30_ncc,WebP Q30 + NCC,100,2025,470,14,0.0234042553191489,0.0297872340425531,0.0297872340425531,0.0297872340425531,0.0297872340425531,0.0297872340425531,1.0,1.0,1.0,1.0,0.0297872340425531,1.0,0.4068615436553955,0.2005480170249939,0.4068615436553955,0.6536048650741578,0.9702127659574468,0.0,11710.825531914894,12168.0,6.225450400084919,1.40429397297643,0.6138965289012683,2.8473201957358567
webp_q30_ncc,WebP Q30 + NCC,500,2025,470,28,0.0468085106382978,0.0595744680851063,0.0723404255319148,0.0595744680851063,0.0595744680851063,0.0595744680851063,1.0,1.0,1.0,1.0,0.0595744680851063,1.0,0.393063485622406,0.1104937732219696,0.393063485622406,0.6097618520259858,0.9404255319148936,0.0,11710.825531914894,12168.0,6.225450400084919,1.4206233665263157,0.18706222460361413,2.764149210743183
webp_q30_ncc,WebP Q30 + NCC,1000,2025,470,40,0.0638297872340425,0.0851063829787234,0.1191489361702127,0.0829787234042553,0.0851063829787234,0.0851063829787234,0.975,1.0,1.1,1.0,0.0834042553191489,0.98,0.3776643574237823,0.1155590593814849,0.3776643574237823,0.5988748371601105,0.9170212765957448,0.002127659574468,11710.825531914894,12168.0,6.225450400084919,1.4206233665263157,0.19211743950978624,2.66978730453938
webp_q30_ncc,WebP Q30 + NCC,5000,2025,470,101,0.1531914893617021,0.2148936170212766,0.3127659574468085,0.2127659574468085,0.2127659574468085,0.2127659574468085,0.99009900990099,0.99009900990099,1.198019801980198,1.0,0.2128672745694022,0.9905704856199906,0.4142033457756042,0.0799525380134582,0.4142033457756042,0.5950965881347656,0.7872340425531915,0.002127659574468,11710.825531914894,12168.0,6.225450400084919,1.3393152428804447,0.15392717071294978,3.4612965869331958
jpeg2000_100_ncc,JPEG2000 100 + NCC,100,2025,470,14,0.0234042553191489,0.0297872340425531,0.0297872340425531,0.0297872340425531,0.0297872340425531,0.0297872340425531,1.0,1.0,1.0,1.0,0.0297872340425531,1.0,0.4064364433288574,0.2007655024528503,0.4064364433288574,0.6455346763134003,0.9702127659574468,0.0,6447.934042553192,6489.0,10.16704420018675,1.435764820276447,0.6310695746801483,2.6173460072973374
jpeg2000_100_ncc,JPEG2000 100 + NCC,500,2025,470,28,0.0468085106382978,0.0595744680851063,0.0723404255319148,0.0595744680851063,0.0595744680851063,0.0595744680851063,1.0,1.0,1.0,1.0,0.0595744680851063,1.0,0.3982872664928436,0.1095872104167938,0.3982872664928436,0.593624484539032,0.9404255319148936,0.0,6447.934042553192,6489.0,10.16704420018675,1.4299563984030286,0.18849434649238136,2.6940492259348523
jpeg2000_100_ncc,JPEG2000 100 + NCC,1000,2025,470,40,0.0638297872340425,0.0851063829787234,0.1191489361702127,0.0829787234042553,0.0851063829787234,0.0851063829787234,0.975,1.0,1.1,1.0,0.0834042553191489,0.98,0.3721254467964172,0.1149804651737213,0.3721254467964172,0.5806361496448517,0.9170212765957448,0.002127659574468,6447.934042553192,6489.0,10.16704420018675,1.4299563984030286,0.19266056058702605,2.5272025079373295
jpeg2000_100_ncc,JPEG2000 100 + NCC,5000,2025,470,101,0.1531914893617021,0.2148936170212766,0.3127659574468085,0.2127659574468085,0.2127659574468085,0.2127659574468085,0.99009900990099,0.99009900990099,1.2673267326732671,1.0,0.2128419452887537,0.9904526166902404,0.409971535205841,0.0818513035774231,0.409971535205841,0.5796278119087219,0.7872340425531915,0.002127659574468,6447.934042553192,6489.0,10.16704420018675,1.3432327163183881,0.15103325852809735,3.1154016281475663
compact_32B_rank_hamming,32 B Rank/Hamming,100,2025,470,14,0.0234042553191489,0.0297872340425531,0.0297872340425531,0.025531914893617,0.0276595744680851,0.0276595744680851,0.8571428571428571,0.9285714285714286,2.0,1.0,0.0267477203647416,0.8979591836734694,0.09375,0.009375,0.09375,0.156640625,0.9744680851063828,0.0042553191489361,32.0,32.0,2048.0,0.3487394957968505,0.053932584269507804,0.673069852938527
compact_32B_rank_hamming,32 B Rank/Hamming,500,2025,470,28,0.0468085106382978,0.0595744680851063,0.0723404255319148,0.051063829787234,0.0531914893617021,0.0531914893617021,0.8571428571428571,0.8928571428571429,8.178571428571429,1.0,0.0522828190277838,0.8776044622520865,0.09375,-0.0117187499999999,0.09375,0.1546875,0.948936170212766,0.0085106382978723,32.0,32.0,2048.0,0.3570261437893219,-0.02678571428565305,0.6733333333289367
compact_32B_rank_hamming,32 B Rank/Hamming,1000,2025,470,40,0.0638297872340425,0.0851063829787234,0.1191489361702127,0.0744680851063829,0.076595744680851,0.076595744680851,0.875,0.9,9.575,1.0,0.075779265466003,0.8904063692255353,0.08984375,-0.0023437499999999,0.08984375,0.153125,0.925531914893617,0.0106382978723404,32.0,32.0,2048.0,0.33880825057153097,-0.005504587155950355,0.7788888888825796
compact_32B_rank_hamming,32 B Rank/Hamming,5000,2025,470,101,0.1531914893617021,0.2148936170212766,0.3127659574468085,0.1744680851063829,0.1893617021276595,0.1914893617021276,0.8118811881188119,0.8811881188118812,61.01980198019802,1.0,0.1820325815714078,0.847082310282789,0.08203125,-0.046875,0.08203125,0.16796875,0.825531914893617,0.0404255319148936,32.0,32.0,2048.0,0.31168831168727545,-0.11009174311900749,0.81818181817801
compact_64B_orientation_l1,64 B 方向/L1,100,2025,470,14,0.0234042553191489,0.0297872340425531,0.0297872340425531,0.0297872340425531,0.0297872340425531,0.0297872340425531,1.0,1.0,1.0,1.0,0.0297872340425531,1.0,0.139973945915699,0.0833333298563957,0.139973945915699,0.1789062693715095,0.9702127659574468,0.0,64.0,64.0,1024.0,0.8674882741111618,0.3459459322015689,1.3325300615368503
compact_64B_orientation_l1,64 B 方向/L1,500,2025,470,28,0.0468085106382978,0.0595744680851063,0.0723404255319148,0.0595744680851063,0.0595744680851063,0.0595744680851063,1.0,1.0,1.0,1.0,0.0595744680851063,1.0,0.1360677070915699,0.071093763411045,0.1360677070915699,0.1761718891561031,0.9404255319148936,0.0,64.0,64.0,1024.0,0.9218294820359653,0.3053098789966164,1.5900795563684293
compact_64B_orientation_l1,64 B 方向/L1,1000,2025,470,40,0.0638297872340425,0.0851063829787234,0.1191489361702127,0.0851063829787234,0.0851063829787234,0.0851063829787234,1.0,1.0,1.0,1.0,0.0851063829787234,1.0,0.1204427182674408,0.0628906354308128,0.1204427182674408,0.1617187656462192,0.9148936170212766,0.0,64.0,64.0,1024.0,0.7924075797793672,0.27032433166549247,1.4117787995740367
compact_64B_orientation_l1,64 B 方向/L1,5000,2025,470,101,0.1531914893617021,0.2148936170212766,0.3127659574468085,0.2127659574468085,0.2148936170212766,0.2148936170212766,0.99009900990099,1.0,1.00990099009901,1.0,0.2138297872340425,0.995049504950495,0.1080729067325592,0.046875,0.1080729067325592,0.1666666567325592,0.7872340425531915,0.002127659574468,64.0,64.0,1024.0,0.7281552556605907,0.24309387025281617,1.4222222377514442
compact_128B_dct_sign_hamming,128 B DCT 符号/Hamming,100,2025,470,14,0.0234042553191489,0.0297872340425531,0.0297872340425531,0.0297872340425531,0.0297872340425531,0.0297872340425531,1.0,1.0,1.0,1.0,0.0297872340425531,1.0,0.2003910094499588,0.1226783990859985,0.2003910094499588,0.2601173087954521,0.9702127659574468,0.0,128.0,128.0,512.0,0.770732909099022,0.3642620818237221,1.3360034128623008
compact_128B_dct_sign_hamming,128 B DCT 符号/Hamming,500,2025,470,28,0.0468085106382978,0.0595744680851063,0.0723404255319148,0.0595744680851063,0.0595744680851063,0.0595744680851063,1.0,1.0,1.0,1.0,0.0595744680851063,1.0,0.1959921792149543,0.1007819980382919,0.1959921792149543,0.2650048822164536,0.9404255319148936,0.0,128.0,128.0,512.0,0.7604535050860817,0.2916525996490243,1.4041263907347583
compact_128B_dct_sign_hamming,128 B DCT 符号/Hamming,1000,2025,470,40,0.0638297872340425,0.0851063829787234,0.1191489361702127,0.0851063829787234,0.0851063829787234,0.0851063829787234,1.0,1.0,1.0,1.0,0.0851063829787234,1.0,0.1979472041130066,0.1037145555019378,0.1979472041130066,0.2671554118394851,0.9148936170212766,0.0,128.0,128.0,512.0,0.7972867767212537,0.3035000645351698,1.4517000635639894
compact_128B_dct_sign_hamming,128 B DCT 符号/Hamming,5000,2025,470,101,0.1531914893617021,0.2148936170212766,0.3127659574468085,0.2148936170212766,0.2148936170212766,0.2148936170212766,1.0,1.0,1.0,1.0,0.2148936170212766,1.0,0.2091886550188064,0.0918866097927093,0.2091886550188064,0.2668621689081192,0.7851063829787234,0.0,128.0,128.0,512.0,0.8852458842245807,0.26330533097907055,1.611764640466355
compact_256B_mag_orientation_hamming,256 B 幅值+方向/Hamming,100,2025,470,14,0.0234042553191489,0.0297872340425531,0.0297872340425531,0.0297872340425531,0.0297872340425531,0.0297872340425531,1.0,1.0,1.0,1.0,0.0297872340425531,1.0,0.1943359375,0.09189453125,0.1943359375,0.27998046875,0.9702127659574468,0.0,256.0,256.0,256.0,0.9740346842913816,0.2970724650529758,1.8503730784360275
compact_256B_mag_orientation_hamming,256 B 幅值+方向/Hamming,500,2025,470,28,0.0468085106382978,0.0595744680851063,0.0723404255319148,0.0595744680851063,0.0595744680851063,0.0595744680851063,1.0,1.0,1.0,1.0,0.0595744680851063,1.0,0.1865234375,0.092431640625,0.1865234375,0.2423828125,0.9404255319148936,0.0,256.0,256.0,256.0,1.0092879256898941,0.3370461938828873,1.41545574877024
compact_256B_mag_orientation_hamming,256 B 幅值+方向/Hamming,1000,2025,470,40,0.0638297872340425,0.0851063829787234,0.1191489361702127,0.0851063829787234,0.0851063829787234,0.0851063829787234,1.0,1.0,1.0,1.0,0.0851063829787234,1.0,0.186767578125,0.078955078125,0.186767578125,0.242138671875,0.9148936170212766,0.0,256.0,256.0,256.0,0.9564549825007961,0.32245275877763757,1.4091779141014993
compact_256B_mag_orientation_hamming,256 B 幅值+方向/Hamming,5000,2025,470,101,0.1531914893617021,0.2148936170212766,0.3127659574468085,0.2148936170212766,0.2148936170212766,0.2148936170212766,1.0,1.0,1.0,1.0,0.2148936170212766,1.0,0.1767578125,0.07177734375,0.1767578125,0.2451171875,0.7851063829787234,0.0,256.0,256.0,256.0,0.9639889196621212,0.29813664596146877,1.5649350649246592
median_binary_32B_hamming,32 B 中值二值基线,100,2025,470,14,0.0234042553191489,0.0297872340425531,0.0297872340425531,0.025531914893617,0.0297872340425531,0.0297872340425531,0.8571428571428571,1.0,1.2142857142857142,1.0,0.027304964539007,0.9166666666666666,0.15625,0.0,0.15625,0.23203125,0.9744680851063828,0.0042553191489361,32.0,32.0,2048.0,0.9855769230703402,0.0,2.097499999983917
median_binary_32B_hamming,32 B 中值二值基线,500,2025,470,28,0.0468085106382978,0.0595744680851063,0.0723404255319148,0.0489361702127659,0.051063829787234,0.0531914893617021,0.8214285714285714,0.8571428571428571,4.357142857142857,1.0,0.0505298439461426,0.8481795233816797,0.10546875,-0.0359375,0.10546875,0.21328125,0.951063829787234,0.0106382978723404,32.0,32.0,2048.0,0.646428571425022,-0.11947890818822696,1.429999999990528
median_binary_32B_hamming,32 B 中值二值基线,1000,2025,470,40,0.0638297872340425,0.0851063829787234,0.1191489361702127,0.0702127659574468,0.0723404255319148,0.0744680851063829,0.825,0.85,5.325,1.0,0.0720914400576478,0.8470744206773618,0.0859375,-0.0328124999999999,0.0859375,0.19609375,0.9297872340425531,0.0148936170212765,32.0,32.0,2048.0,0.5108695652139394,-0.11878557874677756,1.4999999999845333
median_binary_32B_hamming,32 B 中值二值基线,5000,2025,470,101,0.1531914893617021,0.2148936170212766,0.3127659574468085,0.1893617021276595,0.2,0.202127659574468,0.8811881188118812,0.9306930693069309,5.564356435643564,1.0,0.1948756037135025,0.9068468687658036,0.078125,-0.0078125,0.078125,0.171875,0.8106382978723404,0.025531914893617,32.0,32.0,2048.0,0.4799999999975424,-0.022222222222159013,1.124999999982
raw_ncc,原始灰度 NCC,100,2026,196,15,0.0612244897959183,0.0765306122448979,0.0765306122448979,0.0765306122448979,0.0765306122448979,0.0765306122448979,1.0,1.0,1.0,1.0,0.0765306122448979,1.0,0.4185290932655334,0.222742748260498,0.4185290932655334,0.5989715814590454,0.923469387755102,0.0,65536.0,65536.0,1.0,1.4424017659207105,0.6461385849600637,2.6043389715548146
raw_ncc,原始灰度 NCC,500,2026,196,27,0.1071428571428571,0.1377551020408163,0.1479591836734693,0.1377551020408163,0.1377551020408163,0.1377551020408163,1.0,1.0,1.0,1.0,0.1377551020408163,1.0,0.3822200894355774,0.1099406361579895,0.3822200894355774,0.5553820252418519,0.8622448979591837,0.0,65536.0,65536.0,1.0,1.2748877036153707,0.2852062003812006,2.4054433903350896
raw_ncc,原始灰度 NCC,1000,2026,196,34,0.1224489795918367,0.173469387755102,0.2244897959183673,0.173469387755102,0.173469387755102,0.173469387755102,1.0,1.0,1.0,1.0,0.173469387755102,1.0,0.3712256848812103,0.1066759228706359,0.3712256848812103,0.5545754015445709,0.826530612244898,0.0,65536.0,65536.0,1.0,1.2150337147383135,0.20944772870832987,2.387288074241443
raw_ncc,原始灰度 NCC,5000,2026,196,79,0.25,0.4030612244897959,0.5612244897959183,0.3979591836734694,0.4030612244897959,0.4030612244897959,0.9873417721518988,1.0,1.0126582278481011,1.0,0.4005102040816326,0.9936708860759492,0.2975485920906067,0.0580654144287109,0.2975485920906067,0.5633576393127442,0.6020408163265306,0.0051020408163265,65536.0,65536.0,1.0,0.8900862071873795,0.07495467169231244,2.3095173985250903
webp_q30_ncc,WebP Q30 + NCC,100,2026,196,15,0.0612244897959183,0.0765306122448979,0.0765306122448979,0.0765306122448979,0.0765306122448979,0.0765306122448979,1.0,1.0,1.0,1.0,0.0765306122448979,1.0,0.4105263352394104,0.2241288900375366,0.4105263352394104,0.5923993706703186,0.923469387755102,0.0,11586.561224489797,13042.0,6.734204906033798,1.4628318803712326,0.6578898432664023,2.545116393532838
webp_q30_ncc,WebP Q30 + NCC,500,2026,196,27,0.1071428571428571,0.1377551020408163,0.1479591836734693,0.1377551020408163,0.1377551020408163,0.1377551020408163,1.0,1.0,1.0,1.0,0.1377551020408163,1.0,0.3765368461608886,0.110906970500946,0.3765368461608886,0.5482231378555299,0.8622448979591837,0.0,11586.561224489797,13042.0,6.734204906033798,1.2712662040952922,0.2877413021884324,2.3222899848955008
webp_q30_ncc,WebP Q30 + NCC,1000,2026,196,34,0.1224489795918367,0.173469387755102,0.2244897959183673,0.173469387755102,0.173469387755102,0.173469387755102,1.0,1.0,1.0,1.0,0.173469387755102,1.0,0.3676078021526336,0.1066896975040435,0.3676078021526336,0.5476816654205322,0.826530612244898,0.0,11586.561224489797,13042.0,6.734204906033798,1.2264352289049267,0.21176377025246465,2.309073341742321
webp_q30_ncc,WebP Q30 + NCC,5000,2026,196,79,0.25,0.4030612244897959,0.5612244897959183,0.3979591836734694,0.4030612244897959,0.4030612244897959,0.9873417721518988,1.0,1.0126582278481011,1.0,0.4005102040816326,0.9936708860759492,0.2976507544517517,0.0576213121414184,0.2976507544517517,0.5567250490188599,0.6020408163265306,0.0051020408163265,11586.561224489797,13042.0,6.734204906033798,0.8897103518602356,0.07448789918585387,2.2329509398148106
jpeg2000_100_ncc,JPEG2000 100 + NCC,100,2026,196,15,0.0612244897959183,0.0765306122448979,0.0765306122448979,0.0765306122448979,0.0765306122448979,0.0765306122448979,1.0,1.0,1.0,1.0,0.0765306122448979,1.0,0.4060631990432739,0.2267666459083557,0.4060631990432739,0.5739561557769776,0.923469387755102,0.0,6447.59693877551,6489.5,10.1675100039986,1.4660423285853408,0.6534949802698349,2.3928517726721665
jpeg2000_100_ncc,JPEG2000 100 + NCC,500,2026,196,27,0.1071428571428571,0.1377551020408163,0.1479591836734693,0.1377551020408163,0.1377551020408163,0.1377551020408163,1.0,1.0,1.0,1.0,0.1377551020408163,1.0,0.3699921369552612,0.1116596579551696,0.3699921369552612,0.523110318183899,0.8622448979591837,0.0,6447.59693877551,6489.5,10.1675100039986,1.242600303783929,0.2864513947902333,2.1057127762626147
jpeg2000_100_ncc,JPEG2000 100 + NCC,1000,2026,196,34,0.1224489795918367,0.173469387755102,0.2244897959183673,0.173469387755102,0.173469387755102,0.173469387755102,1.0,1.0,1.0,1.0,0.173469387755102,1.0,0.3628174960613251,0.1062245905399322,0.3628174960613251,0.5301330387592316,0.826530612244898,0.0,6447.59693877551,6489.5,10.1675100039986,1.2164186202113334,0.21388135973981903,2.0864495693351923
jpeg2000_100_ncc,JPEG2000 100 + NCC,5000,2026,196,79,0.25,0.4030612244897959,0.5612244897959183,0.3979591836734694,0.4030612244897959,0.4030612244897959,0.9873417721518988,1.0,1.0126582278481011,1.0,0.4005102040816326,0.9936708860759492,0.3120667338371277,0.0613278150558471,0.3120667338371277,0.5407405376434327,0.6020408163265306,0.0051020408163265,6447.59693877551,6489.5,10.1675100039986,0.9478001791499724,0.080156583635587,2.0129332195781555
compact_32B_rank_hamming,32 B Rank/Hamming,100,2026,196,15,0.0612244897959183,0.0765306122448979,0.0765306122448979,0.0612244897959183,0.0765306122448979,0.0765306122448979,0.8,1.0,1.2666666666666666,1.0,0.0680272108843537,0.8888888888888888,0.07421875,-0.0046874999999999,0.07421875,0.15,0.9387755102040816,0.0153061224489795,32.0,32.0,2048.0,0.24358974358894414,-0.014999999999951998,0.6410714285689426
compact_32B_rank_hamming,32 B Rank/Hamming,500,2026,196,27,0.1071428571428571,0.1377551020408163,0.1479591836734693,0.1173469387755102,0.1326530612244898,0.1326530612244898,0.8518518518518519,0.9629629629629628,2.740740740740741,1.0,0.1242656153370439,0.9020763187429854,0.05859375,-0.0031249999999999,0.05859375,0.140625,0.8826530612244898,0.0204081632653061,32.0,32.0,2048.0,0.1744186046506436,-0.009999999999968,0.6813333333300782
compact_32B_rank_hamming,32 B Rank/Hamming,1000,2026,196,34,0.1224489795918367,0.173469387755102,0.2244897959183673,0.1377551020408163,0.1581632653061224,0.1581632653061224,0.7941176470588235,0.9117647058823528,10.823529411764708,1.0,0.1472707389450814,0.8489724950951754,0.05078125,-0.0132812499999999,0.05078125,0.125,0.8622448979591837,0.0357142857142857,32.0,32.0,2048.0,0.16279069767393403,-0.04544303797452602,0.588701923072746
compact_32B_rank_hamming,32 B Rank/Hamming,5000,2026,196,79,0.25,0.4030612244897959,0.5612244897959183,0.2959183673469387,0.3316326530612244,0.3469387755102041,0.7341772151898734,0.8227848101265823,74.75949367088607,1.0,0.311400046569848,0.7725874573125343,0.04296875,-0.0468749999999999,0.04296875,0.13671875,0.7040816326530612,0.1071428571428571,32.0,32.0,2048.0,0.20689655172322471,-0.1396551724134849,0.5647540983583742
compact_64B_orientation_l1,64 B 方向/L1,100,2026,196,15,0.0612244897959183,0.0765306122448979,0.0765306122448979,0.0765306122448979,0.0765306122448979,0.0765306122448979,1.0,1.0,1.0,1.0,0.0765306122448979,1.0,0.1328124850988388,0.0989583134651184,0.1328124850988388,0.1752604216337204,0.923469387755102,0.0,64.0,64.0,1024.0,0.5930232024282369,0.3578460244300954,1.2417173549248504
compact_64B_orientation_l1,64 B 方向/L1,500,2026,196,27,0.1071428571428571,0.1377551020408163,0.1479591836734693,0.1377551020408163,0.1377551020408163,0.1377551020408163,1.0,1.0,1.0,1.0,0.1377551020408163,1.0,0.1210937201976776,0.0609375029802322,0.1210937201976776,0.1640625059604644,0.8622448979591837,0.0,64.0,64.0,1024.0,0.6917295173925759,0.2844398166915633,1.2688741385062565
compact_64B_orientation_l1,64 B 方向/L1,1000,2026,196,34,0.1224489795918367,0.173469387755102,0.2244897959183673,0.173469387755102,0.173469387755102,0.173469387755102,1.0,1.0,1.0,1.0,0.173469387755102,1.0,0.1132812574505806,0.0519531354308128,0.1132812574505806,0.1667968899011612,0.826530612244898,0.0,64.0,64.0,1024.0,0.6877764200717781,0.2561269950347096,1.333974949513171
compact_64B_orientation_l1,64 B 方向/L1,5000,2026,196,79,0.25,0.4030612244897959,0.5612244897959183,0.3979591836734694,0.4030612244897959,0.4030612244897959,0.9873417721518988,1.0,1.0253164556962024,1.0,0.3996598639455782,0.9915611814345991,0.0859374701976776,0.0286458253860473,0.0859374701976776,0.1447916716337204,0.6020408163265306,0.0051020408163265,64.0,64.0,1024.0,0.4871794871762893,0.152809081914145,1.0900956189750317
compact_128B_dct_sign_hamming,128 B DCT 符号/Hamming,100,2026,196,15,0.0612244897959183,0.0765306122448979,0.0765306122448979,0.0765306122448979,0.0765306122448979,0.0765306122448979,1.0,1.0,1.0,1.0,0.0765306122448979,1.0,0.1886608004570007,0.1614858329296112,0.1886608004570007,0.2572825044393539,0.923469387755102,0.0,128.0,128.0,512.0,0.7886793247283639,0.5419073928057031,1.2510295178962265
compact_128B_dct_sign_hamming,128 B DCT 符号/Hamming,500,2026,196,27,0.1071428571428571,0.1377551020408163,0.1479591836734693,0.1377551020408163,0.1377551020408163,0.1377551020408163,1.0,1.0,1.0,1.0,0.1377551020408163,1.0,0.1886608004570007,0.0995112538337707,0.1886608004570007,0.2647116273641586,0.8622448979591837,0.0,128.0,128.0,512.0,0.7453875705240781,0.34569639983170236,1.3686468158856724
compact_128B_dct_sign_hamming,128 B DCT 符号/Hamming,1000,2026,196,34,0.1224489795918367,0.173469387755102,0.2244897959183673,0.173469387755102,0.173469387755102,0.173469387755102,1.0,1.0,1.0,1.0,0.173469387755102,1.0,0.1886608004570007,0.088172048330307,0.1886608004570007,0.2632453486323357,0.826530612244898,0.0,128.0,128.0,512.0,0.734534063460422,0.27303703215590586,1.3921742248244753
compact_128B_dct_sign_hamming,128 B DCT 符号/Hamming,5000,2026,196,79,0.25,0.4030612244897959,0.5612244897959183,0.4030612244897959,0.4030612244897959,0.4030612244897959,1.0,1.0,1.0,1.0,0.4030612244897959,1.0,0.1837732195854187,0.0695992350578308,0.1837732195854187,0.2537634372711181,0.596938775510204,0.0,128.0,128.0,512.0,0.7175925893218998,0.19746561792018252,1.3528667076565517
compact_256B_mag_orientation_hamming,256 B 幅值+方向/Hamming,100,2026,196,15,0.0612244897959183,0.0765306122448979,0.0765306122448979,0.0765306122448979,0.0765306122448979,0.0765306122448979,1.0,1.0,1.0,1.0,0.0765306122448979,1.0,0.15673828125,0.11787109375,0.15673828125,0.2625,0.923469387755102,0.0,256.0,256.0,256.0,0.7657004830879997,0.47653497241265713,1.4348379793327521
compact_256B_mag_orientation_hamming,256 B 幅值+方向/Hamming,500,2026,196,27,0.1071428571428571,0.1377551020408163,0.1479591836734693,0.1377551020408163,0.1377551020408163,0.1377551020408163,1.0,1.0,1.0,1.0,0.1377551020408163,1.0,0.16748046875,0.06572265625,0.16748046875,0.23203125,0.8622448979591837,0.0,256.0,256.0,256.0,0.8215859030799942,0.23057796640625083,1.2595644187811719
compact_256B_mag_orientation_hamming,256 B 幅值+方向/Hamming,1000,2026,196,34,0.1224489795918367,0.173469387755102,0.2244897959183673,0.173469387755102,0.173469387755102,0.173469387755102,1.0,1.0,1.0,1.0,0.173469387755102,1.0,0.159423828125,0.073291015625,0.159423828125,0.230517578125,0.826530612244898,0.0,256.0,256.0,256.0,0.8164258441221013,0.2493349117866012,1.2541765947239463
compact_256B_mag_orientation_hamming,256 B 幅值+方向/Hamming,5000,2026,196,79,0.25,0.4030612244897959,0.5612244897959183,0.3979591836734694,0.4030612244897959,0.4030612244897959,0.9873417721518988,1.0,1.0126582278481011,1.0,0.4005102040816326,0.9936708860759492,0.142578125,0.05341796875,0.142578125,0.22333984375,0.6020408163265306,0.0051020408163265,256.0,256.0,256.0,0.6868932038800807,0.1839337211814362,1.207033100509357
median_binary_32B_hamming,32 B 中值二值基线,100,2026,196,15,0.0612244897959183,0.0765306122448979,0.0765306122448979,0.0612244897959183,0.0714285714285714,0.0714285714285714,0.8,0.9333333333333332,5.733333333333333,1.0,0.0655501330967169,0.8565217391304347,0.1328125,-0.0140624999999999,0.1328125,0.2093749999999999,0.9387755102040816,0.0153061224489795,32.0,32.0,2048.0,0.6296296296266447,-0.049999999999822214,1.8114285714127654
median_binary_32B_hamming,32 B 中值二值基线,500,2026,196,27,0.1071428571428571,0.1377551020408163,0.1479591836734693,0.1173469387755102,0.1326530612244898,0.1326530612244898,0.8518518518518519,0.9629629629629628,13.148148148148149,1.0,0.1233150667674477,0.8951760402377686,0.078125,-0.0031249999999999,0.078125,0.196875,0.8826530612244898,0.0204081632653061,32.0,32.0,2048.0,0.4814814814791989,-0.01538461538453964,1.7866666666514215
median_binary_32B_hamming,32 B 中值二值基线,1000,2026,196,34,0.1224489795918367,0.173469387755102,0.2244897959183673,0.1428571428571428,0.1581632653061224,0.1632653061224489,0.8235294117647058,0.9117647058823528,20.735294117647054,1.0,0.1507732285460768,0.8691633175009135,0.08203125,-0.0210937499999999,0.08203125,0.203125,0.8571428571428572,0.0306122448979591,32.0,32.0,2048.0,0.5907407407373595,-0.0949999999994631,1.9054901960626316
median_binary_32B_hamming,32 B 中值二值基线,5000,2026,196,79,0.25,0.4030612244897959,0.5612244897959183,0.3418367346938775,0.3826530612244898,0.3826530612244898,0.8481012658227848,0.9493670886075948,20.443037974683545,1.0,0.3588441400701283,0.8902968538448753,0.0703125,-0.015625,0.0703125,0.1734375,0.6581632653061225,0.0612244897959183,32.0,32.0,2048.0,0.47826086956255576,-0.08666666666630161,1.104761904755171
