method,method_label_cn,requested_pool_size,soft_ratio_bin,gcp_count,gcp_reuse_at_1,gcp_reuse_at_5,mrr,median_margin,candidate_coverage_5px
raw_ncc,原始灰度 NCC,100,10-25%,78,0.02564102564102564,0.02564102564102564,0.02564102564102564,0.6826233863830566,0.02564102564102564
raw_ncc,原始灰度 NCC,500,10-25%,78,0.038461538461538464,0.038461538461538464,0.038461538461538464,0.6551572680473328,0.038461538461538464
raw_ncc,原始灰度 NCC,1000,10-25%,78,0.07692307692307693,0.07692307692307693,0.07692307692307693,0.4181382358074188,0.07692307692307693
raw_ncc,原始灰度 NCC,5000,10-25%,78,0.2692307692307692,0.2692307692307692,0.2692307692307692,0.25875431299209595,0.2692307692307692
raw_ncc,原始灰度 NCC,100,25-50%,198,0.005050505050505051,0.005050505050505051,0.005050505050505051,0.6747615933418274,0.005050505050505051
raw_ncc,原始灰度 NCC,500,25-50%,198,0.025252525252525252,0.025252525252525252,0.025252525252525252,0.5065694451332092,0.025252525252525252
raw_ncc,原始灰度 NCC,1000,25-50%,198,0.07575757575757576,0.07575757575757576,0.07575757575757576,0.48278188705444336,0.07575757575757576
raw_ncc,原始灰度 NCC,5000,25-50%,198,0.25757575757575757,0.26262626262626265,0.2601010101010101,0.4134683907032013,0.26262626262626265
raw_ncc,原始灰度 NCC,100,50-75%,148,0.05405405405405406,0.05405405405405406,0.05405405405405406,0.48732438683509827,0.05405405405405406
raw_ncc,原始灰度 NCC,500,50-75%,148,0.06756756756756757,0.06756756756756757,0.06756756756756757,0.4738670289516449,0.06756756756756757
raw_ncc,原始灰度 NCC,1000,50-75%,148,0.06756756756756757,0.06756756756756757,0.06756756756756757,0.44170504808425903,0.06756756756756757
raw_ncc,原始灰度 NCC,5000,50-75%,148,0.2635135135135135,0.2635135135135135,0.2635135135135135,0.47088807821273804,0.2635135135135135
raw_ncc,原始灰度 NCC,100,>=75%,239,0.07531380753138076,0.07531380753138076,0.07531380753138076,0.39622312784194946,0.07531380753138076
raw_ncc,原始灰度 NCC,500,>=75%,239,0.15481171548117154,0.15481171548117154,0.15481171548117154,0.3738941550254822,0.15481171548117154
raw_ncc,原始灰度 NCC,1000,>=75%,239,0.17573221757322174,0.1799163179916318,0.17656903765690377,0.30938106775283813,0.1799163179916318
raw_ncc,原始灰度 NCC,5000,>=75%,239,0.2803347280334728,0.2803347280334728,0.2805671780567178,0.2926180362701416,0.28451882845188287
raw_ncc,原始灰度 NCC,100,0-10%,3,0.0,0.0,0.0,,0.0
raw_ncc,原始灰度 NCC,500,0-10%,3,0.0,0.0,0.0,,0.0
raw_ncc,原始灰度 NCC,1000,0-10%,3,0.0,0.0,0.0,,0.0
raw_ncc,原始灰度 NCC,5000,0-10%,3,0.0,0.0,0.0,,0.0
webp_q30_ncc,WebP Q30 + NCC,100,10-25%,78,0.02564102564102564,0.02564102564102564,0.02564102564102564,0.6784047186374664,0.02564102564102564
webp_q30_ncc,WebP Q30 + NCC,500,10-25%,78,0.038461538461538464,0.038461538461538464,0.038461538461538464,0.6504179239273071,0.038461538461538464
webp_q30_ncc,WebP Q30 + NCC,1000,10-25%,78,0.07692307692307693,0.07692307692307693,0.07692307692307693,0.41475075483322144,0.07692307692307693
webp_q30_ncc,WebP Q30 + NCC,5000,10-25%,78,0.2692307692307692,0.2692307692307692,0.2692307692307692,0.2594813108444214,0.2692307692307692
webp_q30_ncc,WebP Q30 + NCC,100,25-50%,198,0.005050505050505051,0.005050505050505051,0.005050505050505051,0.6714415550231934,0.005050505050505051
webp_q30_ncc,WebP Q30 + NCC,500,25-50%,198,0.025252525252525252,0.025252525252525252,0.025252525252525252,0.4999029040336609,0.025252525252525252
webp_q30_ncc,WebP Q30 + NCC,1000,25-50%,198,0.07575757575757576,0.07575757575757576,0.07575757575757576,0.4822908043861389,0.07575757575757576
webp_q30_ncc,WebP Q30 + NCC,5000,25-50%,198,0.25757575757575757,0.26262626262626265,0.2601010101010101,0.4119148552417755,0.26262626262626265
webp_q30_ncc,WebP Q30 + NCC,100,50-75%,148,0.05405405405405406,0.05405405405405406,0.05405405405405406,0.4827621579170227,0.05405405405405406
webp_q30_ncc,WebP Q30 + NCC,500,50-75%,148,0.06756756756756757,0.06756756756756757,0.06756756756756757,0.46994322538375854,0.06756756756756757
webp_q30_ncc,WebP Q30 + NCC,1000,50-75%,148,0.06756756756756757,0.06756756756756757,0.06756756756756757,0.4366424083709717,0.06756756756756757
webp_q30_ncc,WebP Q30 + NCC,5000,50-75%,148,0.2635135135135135,0.2635135135135135,0.2635135135135135,0.4636884927749634,0.2635135135135135
webp_q30_ncc,WebP Q30 + NCC,100,>=75%,239,0.07531380753138076,0.07531380753138076,0.07531380753138076,0.39149126410484314,0.07531380753138076
webp_q30_ncc,WebP Q30 + NCC,500,>=75%,239,0.15481171548117154,0.15481171548117154,0.15481171548117154,0.3731570243835449,0.15481171548117154
webp_q30_ncc,WebP Q30 + NCC,1000,>=75%,239,0.17573221757322174,0.1799163179916318,0.17656903765690377,0.3102452754974365,0.1799163179916318
webp_q30_ncc,WebP Q30 + NCC,5000,>=75%,239,0.2803347280334728,0.2803347280334728,0.28053397091053994,0.2924160063266754,0.28451882845188287
webp_q30_ncc,WebP Q30 + NCC,100,0-10%,3,0.0,0.0,0.0,,0.0
webp_q30_ncc,WebP Q30 + NCC,500,0-10%,3,0.0,0.0,0.0,,0.0
webp_q30_ncc,WebP Q30 + NCC,1000,0-10%,3,0.0,0.0,0.0,,0.0
webp_q30_ncc,WebP Q30 + NCC,5000,0-10%,3,0.0,0.0,0.0,,0.0
jpeg2000_100_ncc,JPEG2000 100 + NCC,100,10-25%,78,0.02564102564102564,0.02564102564102564,0.02564102564102564,0.6515419185161591,0.02564102564102564
jpeg2000_100_ncc,JPEG2000 100 + NCC,500,10-25%,78,0.038461538461538464,0.038461538461538464,0.038461538461538464,0.6245824694633484,0.038461538461538464
jpeg2000_100_ncc,JPEG2000 100 + NCC,1000,10-25%,78,0.07692307692307693,0.07692307692307693,0.07692307692307693,0.41538476943969727,0.07692307692307693
jpeg2000_100_ncc,JPEG2000 100 + NCC,5000,10-25%,78,0.2692307692307692,0.2692307692307692,0.2692307692307692,0.27557194232940674,0.2692307692307692
jpeg2000_100_ncc,JPEG2000 100 + NCC,100,25-50%,198,0.005050505050505051,0.005050505050505051,0.005050505050505051,0.6665222644805908,0.005050505050505051
jpeg2000_100_ncc,JPEG2000 100 + NCC,500,25-50%,198,0.025252525252525252,0.025252525252525252,0.025252525252525252,0.503584086894989,0.025252525252525252
jpeg2000_100_ncc,JPEG2000 100 + NCC,1000,25-50%,198,0.07575757575757576,0.07575757575757576,0.07575757575757576,0.470409095287323,0.07575757575757576
jpeg2000_100_ncc,JPEG2000 100 + NCC,5000,25-50%,198,0.25757575757575757,0.26262626262626265,0.2601010101010101,0.4095444977283478,0.26262626262626265
jpeg2000_100_ncc,JPEG2000 100 + NCC,100,50-75%,148,0.05405405405405406,0.05405405405405406,0.05405405405405406,0.48235780000686646,0.05405405405405406
jpeg2000_100_ncc,JPEG2000 100 + NCC,500,50-75%,148,0.06756756756756757,0.06756756756756757,0.06756756756756757,0.4654428958892822,0.06756756756756757
jpeg2000_100_ncc,JPEG2000 100 + NCC,1000,50-75%,148,0.06756756756756757,0.06756756756756757,0.06756756756756757,0.4302304685115814,0.06756756756756757
jpeg2000_100_ncc,JPEG2000 100 + NCC,5000,50-75%,148,0.2635135135135135,0.2635135135135135,0.2635135135135135,0.4530377984046936,0.2635135135135135
jpeg2000_100_ncc,JPEG2000 100 + NCC,100,>=75%,239,0.07531380753138076,0.07531380753138076,0.07531380753138076,0.3931078016757965,0.07531380753138076
jpeg2000_100_ncc,JPEG2000 100 + NCC,500,>=75%,239,0.15481171548117154,0.15481171548117154,0.15481171548117154,0.36999213695526123,0.15481171548117154
jpeg2000_100_ncc,JPEG2000 100 + NCC,1000,>=75%,239,0.17573221757322174,0.1799163179916318,0.17656903765690377,0.3136403560638428,0.1799163179916318
jpeg2000_100_ncc,JPEG2000 100 + NCC,5000,>=75%,239,0.2803347280334728,0.2803347280334728,0.2804841601912732,0.29681113362312317,0.28451882845188287
jpeg2000_100_ncc,JPEG2000 100 + NCC,100,0-10%,3,0.0,0.0,0.0,,0.0
jpeg2000_100_ncc,JPEG2000 100 + NCC,500,0-10%,3,0.0,0.0,0.0,,0.0
jpeg2000_100_ncc,JPEG2000 100 + NCC,1000,0-10%,3,0.0,0.0,0.0,,0.0
jpeg2000_100_ncc,JPEG2000 100 + NCC,5000,0-10%,3,0.0,0.0,0.0,,0.0
compact_32B_rank_hamming,32 B Rank/Hamming,100,10-25%,78,0.02564102564102564,0.02564102564102564,0.02564102564102564,0.166015625,0.02564102564102564
compact_32B_rank_hamming,32 B Rank/Hamming,500,10-25%,78,0.02564102564102564,0.02564102564102564,0.025744416873449128,0.140625,0.038461538461538464
compact_32B_rank_hamming,32 B Rank/Hamming,1000,10-25%,78,0.038461538461538464,0.038461538461538464,0.039601480390954076,0.0546875,0.07692307692307693
compact_32B_rank_hamming,32 B Rank/Hamming,5000,10-25%,78,0.15384615384615385,0.15384615384615385,0.15474653595128196,0.05078125,0.2692307692307692
compact_32B_rank_hamming,32 B Rank/Hamming,100,25-50%,198,0.005050505050505051,0.005050505050505051,0.005050505050505051,0.1484375,0.005050505050505051
compact_32B_rank_hamming,32 B Rank/Hamming,500,25-50%,198,0.025252525252525252,0.025252525252525252,0.025252525252525252,0.140625,0.025252525252525252
compact_32B_rank_hamming,32 B Rank/Hamming,1000,25-50%,198,0.07575757575757576,0.07575757575757576,0.07575757575757576,0.1171875,0.07575757575757576
compact_32B_rank_hamming,32 B Rank/Hamming,5000,25-50%,198,0.23232323232323232,0.2474747474747475,0.24029461279461278,0.08203125,0.26262626262626265
compact_32B_rank_hamming,32 B Rank/Hamming,100,50-75%,148,0.04054054054054054,0.0472972972972973,0.0444015444015444,0.107421875,0.05405405405405406
compact_32B_rank_hamming,32 B Rank/Hamming,500,50-75%,148,0.05405405405405406,0.060810810810810814,0.057548928238583416,0.09375,0.06756756756756757
compact_32B_rank_hamming,32 B Rank/Hamming,1000,50-75%,148,0.05405405405405406,0.060810810810810814,0.057548928238583416,0.083984375,0.06756756756756757
compact_32B_rank_hamming,32 B Rank/Hamming,5000,50-75%,148,0.22297297297297297,0.23648648648648649,0.2296028521829748,0.0859375,0.2635135135135135
compact_32B_rank_hamming,32 B Rank/Hamming,100,>=75%,239,0.06276150627615062,0.07531380753138076,0.06834030683403068,0.068359375,0.07531380753138076
compact_32B_rank_hamming,32 B Rank/Hamming,500,>=75%,239,0.13389121338912133,0.14644351464435146,0.13976435001539603,0.05859375,0.15481171548117154
compact_32B_rank_hamming,32 B Rank/Hamming,1000,>=75%,239,0.1506276150627615,0.16736401673640167,0.15847348431988537,0.04296875,0.1799163179916318
compact_32B_rank_hamming,32 B Rank/Hamming,5000,>=75%,239,0.20502092050209206,0.24267782426778242,0.22158969542108078,0.037109375,0.28451882845188287
compact_32B_rank_hamming,32 B Rank/Hamming,100,0-10%,3,0.0,0.0,0.0,,0.0
compact_32B_rank_hamming,32 B Rank/Hamming,500,0-10%,3,0.0,0.0,0.0,,0.0
compact_32B_rank_hamming,32 B Rank/Hamming,1000,0-10%,3,0.0,0.0,0.0,,0.0
compact_32B_rank_hamming,32 B Rank/Hamming,5000,0-10%,3,0.0,0.0,0.0,,0.0
compact_64B_orientation_l1,64 B 方向/L1,100,10-25%,78,0.02564102564102564,0.02564102564102564,0.02564102564102564,0.166666679084301,0.02564102564102564
compact_64B_orientation_l1,64 B 方向/L1,500,10-25%,78,0.038461538461538464,0.038461538461538464,0.038461538461538464,0.1575520932674408,0.038461538461538464
compact_64B_orientation_l1,64 B 方向/L1,1000,10-25%,78,0.07692307692307693,0.07692307692307693,0.07692307692307693,0.1451822780072689,0.07692307692307693
compact_64B_orientation_l1,64 B 方向/L1,5000,10-25%,78,0.2564102564102564,0.2692307692307692,0.26068376068376065,0.0794270783662796,0.2692307692307692
compact_64B_orientation_l1,64 B 方向/L1,100,25-50%,198,0.005050505050505051,0.005050505050505051,0.005050505050505051,0.1536458134651184,0.005050505050505051
compact_64B_orientation_l1,64 B 方向/L1,500,25-50%,198,0.025252525252525252,0.025252525252525252,0.025252525252525252,0.1393229067325592,0.025252525252525252
compact_64B_orientation_l1,64 B 方向/L1,1000,25-50%,198,0.07575757575757576,0.07575757575757576,0.07575757575757576,0.1354166865348816,0.07575757575757576
compact_64B_orientation_l1,64 B 方向/L1,5000,25-50%,198,0.26262626262626265,0.26262626262626265,0.26262626262626265,0.1028645932674408,0.26262626262626265
compact_64B_orientation_l1,64 B 方向/L1,100,50-75%,148,0.05405405405405406,0.05405405405405406,0.05405405405405406,0.11588539183139801,0.05405405405405406
compact_64B_orientation_l1,64 B 方向/L1,500,50-75%,148,0.06756756756756757,0.06756756756756757,0.06756756756756757,0.108723945915699,0.06756756756756757
compact_64B_orientation_l1,64 B 方向/L1,1000,50-75%,148,0.06756756756756757,0.06756756756756757,0.06756756756756757,0.0755208358168602,0.06756756756756757
compact_64B_orientation_l1,64 B 方向/L1,5000,50-75%,148,0.2635135135135135,0.2635135135135135,0.2635135135135135,0.1002604067325592,0.2635135135135135
compact_64B_orientation_l1,64 B 方向/L1,100,>=75%,239,0.07531380753138076,0.07531380753138076,0.07531380753138076,0.1328125074505806,0.07531380753138076
compact_64B_orientation_l1,64 B 方向/L1,500,>=75%,239,0.15481171548117154,0.15481171548117154,0.15481171548117154,0.12109375,0.15481171548117154
compact_64B_orientation_l1,64 B 方向/L1,1000,>=75%,239,0.1799163179916318,0.1799163179916318,0.1799163179916318,0.11979168653488159,0.1799163179916318
compact_64B_orientation_l1,64 B 方向/L1,5000,>=75%,239,0.2803347280334728,0.28451882845188287,0.2824267782426778,0.1028645858168602,0.28451882845188287
compact_64B_orientation_l1,64 B 方向/L1,100,0-10%,3,0.0,0.0,0.0,,0.0
compact_64B_orientation_l1,64 B 方向/L1,500,0-10%,3,0.0,0.0,0.0,,0.0
compact_64B_orientation_l1,64 B 方向/L1,1000,0-10%,3,0.0,0.0,0.0,,0.0
compact_64B_orientation_l1,64 B 方向/L1,5000,0-10%,3,0.0,0.0,0.0,,0.0
compact_128B_dct_sign_hamming,128 B DCT 符号/Hamming,100,10-25%,78,0.02564102564102564,0.02564102564102564,0.02564102564102564,0.2825024425983429,0.02564102564102564
compact_128B_dct_sign_hamming,128 B DCT 符号/Hamming,500,10-25%,78,0.038461538461538464,0.038461538461538464,0.038461538461538464,0.26392962038517,0.038461538461538464
compact_128B_dct_sign_hamming,128 B DCT 符号/Hamming,1000,10-25%,78,0.07692307692307693,0.07692307692307693,0.07692307692307693,0.19452589005231857,0.07692307692307693
compact_128B_dct_sign_hamming,128 B DCT 符号/Hamming,5000,10-25%,78,0.2692307692307692,0.2692307692307692,0.2692307692307692,0.16129031777381897,0.2692307692307692
compact_128B_dct_sign_hamming,128 B DCT 符号/Hamming,100,25-50%,198,0.005050505050505051,0.005050505050505051,0.005050505050505051,0.27272728085517883,0.005050505050505051
compact_128B_dct_sign_hamming,128 B DCT 符号/Hamming,500,25-50%,198,0.025252525252525252,0.025252525252525252,0.025252525252525252,0.2629520893096924,0.025252525252525252
compact_128B_dct_sign_hamming,128 B DCT 符号/Hamming,1000,25-50%,198,0.07575757575757576,0.07575757575757576,0.07575757575757576,0.25904202461242676,0.07575757575757576
compact_128B_dct_sign_hamming,128 B DCT 符号/Hamming,5000,25-50%,198,0.26262626262626265,0.26262626262626265,0.26262626262626265,0.2189638391137123,0.26262626262626265
compact_128B_dct_sign_hamming,128 B DCT 符号/Hamming,100,50-75%,148,0.05405405405405406,0.05405405405405406,0.05405405405405406,0.17790810763835907,0.05405405405405406
compact_128B_dct_sign_hamming,128 B DCT 符号/Hamming,500,50-75%,148,0.06756756756756757,0.06756756756756757,0.06756756756756757,0.17693059146404266,0.06756756756756757
compact_128B_dct_sign_hamming,128 B DCT 符号/Hamming,1000,50-75%,148,0.06756756756756757,0.06756756756756757,0.06756756756756757,0.17693059146404266,0.06756756756756757
compact_128B_dct_sign_hamming,128 B DCT 符号/Hamming,5000,50-75%,148,0.2635135135135135,0.2635135135135135,0.2635135135135135,0.22482892870903015,0.2635135135135135
compact_128B_dct_sign_hamming,128 B DCT 符号/Hamming,100,>=75%,239,0.07531380753138076,0.07531380753138076,0.07531380753138076,0.19305962324142456,0.07531380753138076
compact_128B_dct_sign_hamming,128 B DCT 符号/Hamming,500,>=75%,239,0.15481171548117154,0.15481171548117154,0.15481171548117154,0.18768328428268433,0.15481171548117154
compact_128B_dct_sign_hamming,128 B DCT 符号/Hamming,1000,>=75%,239,0.1799163179916318,0.1799163179916318,0.1799163179916318,0.17399802803993225,0.1799163179916318
compact_128B_dct_sign_hamming,128 B DCT 符号/Hamming,5000,>=75%,239,0.28451882845188287,0.28451882845188287,0.28451882845188287,0.1656891405582428,0.28451882845188287
compact_128B_dct_sign_hamming,128 B DCT 符号/Hamming,100,0-10%,3,0.0,0.0,0.0,,0.0
compact_128B_dct_sign_hamming,128 B DCT 符号/Hamming,500,0-10%,3,0.0,0.0,0.0,,0.0
compact_128B_dct_sign_hamming,128 B DCT 符号/Hamming,1000,0-10%,3,0.0,0.0,0.0,,0.0
compact_128B_dct_sign_hamming,128 B DCT 符号/Hamming,5000,0-10%,3,0.0,0.0,0.0,,0.0
compact_256B_mag_orientation_hamming,256 B 幅值+方向/Hamming,100,10-25%,78,0.02564102564102564,0.02564102564102564,0.02564102564102564,0.283203125,0.02564102564102564
compact_256B_mag_orientation_hamming,256 B 幅值+方向/Hamming,500,10-25%,78,0.038461538461538464,0.038461538461538464,0.038461538461538464,0.2607421875,0.038461538461538464
compact_256B_mag_orientation_hamming,256 B 幅值+方向/Hamming,1000,10-25%,78,0.07692307692307693,0.07692307692307693,0.07692307692307693,0.206298828125,0.07692307692307693
compact_256B_mag_orientation_hamming,256 B 幅值+方向/Hamming,5000,10-25%,78,0.2692307692307692,0.2692307692307692,0.2692307692307692,0.142578125,0.2692307692307692
compact_256B_mag_orientation_hamming,256 B 幅值+方向/Hamming,100,25-50%,198,0.005050505050505051,0.005050505050505051,0.005050505050505051,0.28759765625,0.005050505050505051
compact_256B_mag_orientation_hamming,256 B 幅值+方向/Hamming,500,25-50%,198,0.025252525252525252,0.025252525252525252,0.025252525252525252,0.20556640625,0.025252525252525252
compact_256B_mag_orientation_hamming,256 B 幅值+方向/Hamming,1000,25-50%,198,0.07575757575757576,0.07575757575757576,0.07575757575757576,0.2080078125,0.07575757575757576
compact_256B_mag_orientation_hamming,256 B 幅值+方向/Hamming,5000,25-50%,198,0.25757575757575757,0.26262626262626265,0.2601010101010101,0.163818359375,0.26262626262626265
compact_256B_mag_orientation_hamming,256 B 幅值+方向/Hamming,100,50-75%,148,0.05405405405405406,0.05405405405405406,0.05405405405405406,0.150390625,0.05405405405405406
compact_256B_mag_orientation_hamming,256 B 幅值+方向/Hamming,500,50-75%,148,0.06756756756756757,0.06756756756756757,0.06756756756756757,0.15625,0.06756756756756757
compact_256B_mag_orientation_hamming,256 B 幅值+方向/Hamming,1000,50-75%,148,0.06756756756756757,0.06756756756756757,0.06756756756756757,0.12890625,0.06756756756756757
compact_256B_mag_orientation_hamming,256 B 幅值+方向/Hamming,5000,50-75%,148,0.2635135135135135,0.2635135135135135,0.2635135135135135,0.171875,0.2635135135135135
compact_256B_mag_orientation_hamming,256 B 幅值+方向/Hamming,100,>=75%,239,0.07531380753138076,0.07531380753138076,0.07531380753138076,0.175537109375,0.07531380753138076
compact_256B_mag_orientation_hamming,256 B 幅值+方向/Hamming,500,>=75%,239,0.15481171548117154,0.15481171548117154,0.15481171548117154,0.16748046875,0.15481171548117154
compact_256B_mag_orientation_hamming,256 B 幅值+方向/Hamming,1000,>=75%,239,0.1799163179916318,0.1799163179916318,0.1799163179916318,0.15673828125,0.1799163179916318
compact_256B_mag_orientation_hamming,256 B 幅值+方向/Hamming,5000,>=75%,239,0.28451882845188287,0.28451882845188287,0.28451882845188287,0.168701171875,0.28451882845188287
compact_256B_mag_orientation_hamming,256 B 幅值+方向/Hamming,100,0-10%,3,0.0,0.0,0.0,,0.0
compact_256B_mag_orientation_hamming,256 B 幅值+方向/Hamming,500,0-10%,3,0.0,0.0,0.0,,0.0
compact_256B_mag_orientation_hamming,256 B 幅值+方向/Hamming,1000,0-10%,3,0.0,0.0,0.0,,0.0
compact_256B_mag_orientation_hamming,256 B 幅值+方向/Hamming,5000,0-10%,3,0.0,0.0,0.0,,0.0
median_binary_32B_hamming,32 B 中值二值基线,100,10-25%,78,0.02564102564102564,0.02564102564102564,0.02564102564102564,0.26953125,0.02564102564102564
median_binary_32B_hamming,32 B 中值二值基线,500,10-25%,78,0.038461538461538464,0.038461538461538464,0.038461538461538464,0.22265625,0.038461538461538464
median_binary_32B_hamming,32 B 中值二值基线,1000,10-25%,78,0.07692307692307693,0.07692307692307693,0.07692307692307693,0.20703125,0.07692307692307693
median_binary_32B_hamming,32 B 中值二值基线,5000,10-25%,78,0.23076923076923078,0.2692307692307692,0.25,0.078125,0.2692307692307692
median_binary_32B_hamming,32 B 中值二值基线,100,25-50%,198,0.005050505050505051,0.005050505050505051,0.005050505050505051,0.171875,0.005050505050505051
median_binary_32B_hamming,32 B 中值二值基线,500,25-50%,198,0.025252525252525252,0.025252525252525252,0.025252525252525252,0.1875,0.025252525252525252
median_binary_32B_hamming,32 B 中值二值基线,1000,25-50%,198,0.07575757575757576,0.07575757575757576,0.07575757575757576,0.140625,0.07575757575757576
median_binary_32B_hamming,32 B 中值二值基线,5000,25-50%,198,0.24242424242424243,0.26262626262626265,0.2508417508417508,0.0703125,0.26262626262626265
median_binary_32B_hamming,32 B 中值二值基线,100,50-75%,148,0.0472972972972973,0.05405405405405406,0.04954954954954955,0.13671875,0.05405405405405406
median_binary_32B_hamming,32 B 中值二值基线,500,50-75%,148,0.060810810810810814,0.060810810810810814,0.06129343629343629,0.06640625,0.06756756756756757
median_binary_32B_hamming,32 B 中值二值基线,1000,50-75%,148,0.060810810810810814,0.060810810810810814,0.06129343629343629,0.046875,0.06756756756756757
median_binary_32B_hamming,32 B 中值二值基线,5000,50-75%,148,0.24324324324324326,0.25,0.24777992277992278,0.0703125,0.2635135135135135
median_binary_32B_hamming,32 B 中值二值基线,100,>=75%,239,0.058577405857740586,0.07112970711297072,0.06421684555211933,0.10546875,0.07531380753138076
median_binary_32B_hamming,32 B 中值二值基线,500,>=75%,239,0.12133891213389121,0.13807531380753138,0.1290684149358921,0.078125,0.15481171548117154
median_binary_32B_hamming,32 B 中值二值基线,1000,>=75%,239,0.1297071129707113,0.14644351464435146,0.13959456506567766,0.0625,0.1799163179916318
median_binary_32B_hamming,32 B 中值二值基线,5000,>=75%,239,0.22594142259414227,0.24686192468619247,0.2346731797531217,0.080078125,0.28451882845188287
median_binary_32B_hamming,32 B 中值二值基线,100,0-10%,3,0.0,0.0,0.0,,0.0
median_binary_32B_hamming,32 B 中值二值基线,500,0-10%,3,0.0,0.0,0.0,,0.0
median_binary_32B_hamming,32 B 中值二值基线,1000,0-10%,3,0.0,0.0,0.0,,0.0
median_binary_32B_hamming,32 B 中值二值基线,5000,0-10%,3,0.0,0.0,0.0,,0.0
