method,grid_size,mag_bits,orientation_bits,edge_bits,bytes_per_patch,compression_ratio,recall_1px,recall_2px,recall_5px,rmse_px,median_error_px,p95_error_px,top1_matching_success,recall_at_1,recall_at_5,evaluated_pairs,failed_pairs,mode,quantization,logical_bits,stored_bits,config_id
spatial_percentile_hamming,8.0,1.0,0.0,0.0,8.0,8192.0,0.5,0.75,1.0,1.6322062437762679,1.390604701576138,2.2834425245334677,0.75,0.75,1.0,4,0,mag_orientation,percentile,64.0,64.0,cfg_000
spatial_percentile_hamming,8.0,1.0,0.0,1.0,16.0,4096.0,0.5,1.0,1.0,1.2914828703994259,1.154591003828018,1.8536423217650662,1.0,1.0,1.0,4,0,mag_orientation,percentile,128.0,128.0,cfg_001
spatial_percentile_hamming,8.0,1.0,1.0,0.0,16.0,4096.0,0.5,0.75,1.0,1.30733475042158,0.9609949289947046,2.0235088551038363,0.75,0.75,1.0,4,0,mag_orientation,percentile,128.0,128.0,cfg_002
spatial_percentile_hamming,8.0,2.0,0.0,0.0,16.0,4096.0,0.5,0.5,1.0,1.6305676270612643,1.5620474055639444,2.1560641929882594,0.5,0.5,1.0,4,0,mag_orientation,percentile,128.0,128.0,cfg_008
spatial_percentile_hamming,8.0,1.0,1.0,1.0,24.0,2730.6666666666665,0.5,1.0,1.0,1.1461043794036756,0.9983626622819605,1.6785965809755616,1.0,1.0,1.0,4,0,mag_orientation,percentile,192.0,192.0,cfg_003
spatial_percentile_hamming,8.0,2.0,0.0,1.0,24.0,2730.6666666666665,0.75,1.0,1.0,0.9303777074776887,0.5590882398449313,1.515572664027956,1.0,1.0,1.0,4,0,mag_orientation,percentile,192.0,192.0,cfg_009
spatial_percentile_hamming,8.0,1.0,2.0,0.0,24.0,2730.6666666666665,0.75,0.75,1.0,1.1605317826593615,0.5964491899303319,1.9324781728313023,0.75,0.75,1.0,4,0,mag_orientation,percentile,192.0,192.0,cfg_004
spatial_percentile_hamming,8.0,2.0,1.0,0.0,24.0,2730.6666666666665,0.5,0.75,1.0,1.3098154630128485,0.9820743784136433,1.9781283775309748,0.75,0.75,1.0,4,0,mag_orientation,percentile,192.0,192.0,cfg_010
spatial_percentile_hamming,8.0,1.0,2.0,1.0,32.0,2048.0,0.75,1.0,1.0,0.6798396639573719,0.47059048676718357,1.0774373625072593,1.0,1.0,1.0,4,0,mag_orientation,percentile,256.0,256.0,cfg_005
spatial_percentile_hamming,8.0,1.0,3.0,0.0,32.0,2048.0,1.0,1.0,1.0,0.5256536219382819,0.44556129495272767,0.7449002610391391,1.0,1.0,1.0,4,0,mag_orientation,percentile,256.0,256.0,cfg_006
spatial_percentile_hamming,8.0,2.0,1.0,1.0,32.0,2048.0,0.75,1.0,1.0,0.7479912283657066,0.5131370632479795,1.1403085621330171,1.0,1.0,1.0,4,0,mag_orientation,percentile,256.0,256.0,cfg_011
spatial_percentile_hamming,8.0,2.0,2.0,0.0,32.0,2048.0,0.75,1.0,1.0,0.6563644571987457,0.493744243439031,0.9909249586407658,1.0,1.0,1.0,4,0,mag_orientation,percentile,256.0,256.0,cfg_012
spatial_percentile_hamming,8.0,4.0,0.0,0.0,32.0,2048.0,0.75,1.0,1.0,0.6873526998945398,0.4443903735964415,1.0919674285785228,1.0,1.0,1.0,4,0,mag_orientation,percentile,256.0,256.0,cfg_016
spatial_percentile_hamming,16.0,1.0,0.0,0.0,32.0,2048.0,1.0,1.0,1.0,0.4474060726873909,0.4159411060890964,0.5417311219344679,1.0,1.0,1.0,4,0,mag_orientation,percentile,256.0,256.0,cfg_024
median_binary_g16,,,,,32.0,2048.0,0.75,1.0,1.0,0.6695308842303449,0.4901457421104615,0.9833277762399525,1.0,1.0,1.0,4,0,,,,,baseline_median_binary
spatial_percentile_hamming,8.0,1.0,3.0,1.0,40.0,1638.4,0.75,1.0,1.0,0.7721931238911073,0.5398445647828555,1.180541027494979,1.0,1.0,1.0,4,0,mag_orientation,percentile,320.0,320.0,cfg_007
spatial_percentile_hamming,8.0,2.0,2.0,1.0,40.0,1638.4,0.75,1.0,1.0,0.6276447055730158,0.3694538625093551,1.0111538566435494,1.0,1.0,1.0,4,0,mag_orientation,percentile,320.0,320.0,cfg_013
spatial_percentile_hamming,8.0,2.0,3.0,0.0,40.0,1638.4,1.0,1.0,1.0,0.5421758685333884,0.35288401878539866,0.8582896801566502,1.0,1.0,1.0,4,0,mag_orientation,percentile,320.0,320.0,cfg_014
spatial_percentile_hamming,8.0,4.0,0.0,1.0,40.0,1638.4,0.75,1.0,1.0,0.6663541334126616,0.4704017915315314,1.0455505325353127,1.0,1.0,1.0,4,0,mag_orientation,percentile,320.0,320.0,cfg_017
spatial_percentile_hamming,8.0,4.0,1.0,0.0,40.0,1638.4,0.75,1.0,1.0,0.6832881647221624,0.5321154015410208,1.048973010169968,1.0,1.0,1.0,4,0,mag_orientation,percentile,320.0,320.0,cfg_018
spatial_percentile_hamming,8.0,2.0,3.0,1.0,48.0,1365.3333333333333,0.75,1.0,1.0,0.5455285454103537,0.254262248057732,0.8999600472443536,1.0,1.0,1.0,4,0,mag_orientation,percentile,384.0,384.0,cfg_015
spatial_percentile_hamming,8.0,4.0,1.0,1.0,48.0,1365.3333333333333,0.75,1.0,1.0,0.6494368116546033,0.4977482533038603,1.0012139763874626,1.0,1.0,1.0,4,0,mag_orientation,percentile,384.0,384.0,cfg_019
spatial_percentile_hamming,8.0,4.0,2.0,0.0,48.0,1365.3333333333333,0.75,1.0,1.0,0.625584761229344,0.4952063552697401,0.9510404440413277,1.0,1.0,1.0,4,0,mag_orientation,percentile,384.0,384.0,cfg_020
spatial_percentile_hamming,8.0,4.0,2.0,1.0,56.0,1170.2857142857142,1.0,1.0,1.0,0.591345580066181,0.4640454517234097,0.9004196337603377,1.0,1.0,1.0,4,0,mag_orientation,percentile,448.0,448.0,cfg_021
spatial_percentile_hamming,8.0,4.0,3.0,0.0,56.0,1170.2857142857142,1.0,1.0,1.0,0.5555358061305151,0.4632720886408587,0.8306640949203477,1.0,1.0,1.0,4,0,mag_orientation,percentile,448.0,448.0,cfg_022
spatial_percentile_hamming,8.0,4.0,3.0,1.0,64.0,1024.0,1.0,1.0,1.0,0.5479998986125889,0.4818469052154729,0.79351051270076,1.0,1.0,1.0,4,0,mag_orientation,percentile,512.0,512.0,cfg_023
spatial_percentile_hamming,16.0,1.0,0.0,1.0,64.0,1024.0,1.0,1.0,1.0,0.5635048652065995,0.4409998147623925,0.8638111779725118,1.0,1.0,1.0,4,0,mag_orientation,percentile,512.0,512.0,cfg_025
spatial_percentile_hamming,16.0,1.0,1.0,0.0,64.0,1024.0,1.0,1.0,1.0,0.33449496208498947,0.2803002749795796,0.47436260944859954,1.0,1.0,1.0,4,0,mag_orientation,percentile,512.0,512.0,cfg_026
spatial_percentile_hamming,16.0,2.0,0.0,0.0,64.0,1024.0,1.0,1.0,1.0,0.25063635467272594,0.262298232710605,0.32145280741888893,1.0,1.0,1.0,4,0,mag_orientation,percentile,512.0,512.0,cfg_032
spatial_percentile_hamming,16.0,1.0,1.0,1.0,96.0,682.6666666666666,1.0,1.0,1.0,0.3428597149967207,0.3181901616088272,0.4300150836334366,1.0,1.0,1.0,4,0,mag_orientation,percentile,768.0,768.0,cfg_027
spatial_percentile_hamming,16.0,1.0,2.0,0.0,96.0,682.6666666666666,1.0,1.0,1.0,0.3045436174916685,0.2497056635950711,0.4485834857582157,1.0,1.0,1.0,4,0,mag_orientation,percentile,768.0,768.0,cfg_028
spatial_percentile_hamming,16.0,2.0,0.0,1.0,96.0,682.6666666666666,1.0,1.0,1.0,0.3284078458956758,0.3420210316560137,0.42068490709550177,1.0,1.0,1.0,4,0,mag_orientation,percentile,768.0,768.0,cfg_033
spatial_percentile_hamming,16.0,2.0,1.0,0.0,96.0,682.6666666666666,1.0,1.0,1.0,0.2773496003122405,0.2784725749881618,0.36160684940837967,1.0,1.0,1.0,4,0,mag_orientation,percentile,768.0,768.0,cfg_034
spatial_percentile_hamming,16.0,1.0,2.0,1.0,128.0,512.0,1.0,1.0,1.0,0.2990161911424929,0.2626740793733151,0.4163135171697399,1.0,1.0,1.0,4,0,mag_orientation,percentile,1024.0,1024.0,cfg_029
spatial_percentile_hamming,16.0,1.0,3.0,0.0,128.0,512.0,1.0,1.0,1.0,0.249985112575182,0.1890935644314744,0.37269139616640473,1.0,1.0,1.0,4,0,mag_orientation,percentile,1024.0,1024.0,cfg_030
spatial_percentile_hamming,16.0,2.0,1.0,1.0,128.0,512.0,1.0,1.0,1.0,0.2997916427003734,0.3217818446575834,0.35803091031046697,1.0,1.0,1.0,4,0,mag_orientation,percentile,1024.0,1024.0,cfg_035
spatial_percentile_hamming,16.0,2.0,2.0,0.0,128.0,512.0,1.0,1.0,1.0,0.2931911564694311,0.258188071390193,0.422097296465611,1.0,1.0,1.0,4,0,mag_orientation,percentile,1024.0,1024.0,cfg_036
spatial_percentile_hamming,16.0,4.0,0.0,0.0,128.0,512.0,1.0,1.0,1.0,0.26659130639206724,0.2312795064194728,0.36796985797518567,1.0,1.0,1.0,4,0,mag_orientation,percentile,1024.0,1024.0,cfg_040
spatial_percentile_hamming,32.0,1.0,0.0,0.0,128.0,512.0,1.0,1.0,1.0,0.28197377881424013,0.265230732906955,0.35165976267712923,1.0,1.0,1.0,4,0,mag_orientation,percentile,1024.0,1024.0,cfg_048
spatial_percentile_hamming,16.0,1.0,3.0,1.0,160.0,409.6,1.0,1.0,1.0,0.27096288175754435,0.24471081833731306,0.36813366104043216,1.0,1.0,1.0,4,0,mag_orientation,percentile,1280.0,1280.0,cfg_031
spatial_percentile_hamming,16.0,2.0,2.0,1.0,160.0,409.6,1.0,1.0,1.0,0.2919589780123878,0.2695491687302317,0.4029520555386731,1.0,1.0,1.0,4,0,mag_orientation,percentile,1280.0,1280.0,cfg_037
spatial_percentile_hamming,16.0,2.0,3.0,0.0,160.0,409.6,1.0,1.0,1.0,0.2521790123409022,0.2032624264164622,0.3711645331219064,1.0,1.0,1.0,4,0,mag_orientation,percentile,1280.0,1280.0,cfg_038
spatial_percentile_hamming,16.0,4.0,0.0,1.0,160.0,409.6,1.0,1.0,1.0,0.26590826383529576,0.23570293027035333,0.36261560336780474,1.0,1.0,1.0,4,0,mag_orientation,percentile,1280.0,1280.0,cfg_041
spatial_percentile_hamming,16.0,4.0,1.0,0.0,160.0,409.6,1.0,1.0,1.0,0.2674308063585759,0.21870849826777986,0.3846423581227695,1.0,1.0,1.0,4,0,mag_orientation,percentile,1280.0,1280.0,cfg_042
spatial_percentile_hamming,16.0,2.0,3.0,1.0,192.0,341.3333333333333,1.0,1.0,1.0,0.27183791619083675,0.25249354214819436,0.3705876697746756,1.0,1.0,1.0,4,0,mag_orientation,percentile,1536.0,1536.0,cfg_039
spatial_percentile_hamming,16.0,4.0,1.0,1.0,192.0,341.3333333333333,1.0,1.0,1.0,0.2636929558468447,0.21264150979511603,0.37504653252093717,1.0,1.0,1.0,4,0,mag_orientation,percentile,1536.0,1536.0,cfg_043
spatial_percentile_hamming,16.0,4.0,2.0,0.0,192.0,341.3333333333333,1.0,1.0,1.0,0.2697246159262878,0.20424725784070297,0.40101520325119283,1.0,1.0,1.0,4,0,mag_orientation,percentile,1536.0,1536.0,cfg_044
spatial_percentile_hamming,16.0,4.0,2.0,1.0,224.0,292.57142857142856,1.0,1.0,1.0,0.26433021957341335,0.195524700260987,0.38985274497449884,1.0,1.0,1.0,4,0,mag_orientation,percentile,1792.0,1792.0,cfg_045
spatial_percentile_hamming,16.0,4.0,3.0,0.0,224.0,292.57142857142856,1.0,1.0,1.0,0.26337758455519444,0.20449638004786838,0.38379795178077325,1.0,1.0,1.0,4,0,mag_orientation,percentile,1792.0,1792.0,cfg_046
spatial_percentile_hamming,16.0,4.0,3.0,1.0,256.0,256.0,1.0,1.0,1.0,0.2609575354978061,0.20353989060430308,0.3766836770935003,1.0,1.0,1.0,4,0,mag_orientation,percentile,2048.0,2048.0,cfg_047
spatial_percentile_hamming,32.0,1.0,0.0,1.0,256.0,256.0,1.0,1.0,1.0,0.2118847426816286,0.2035470312159985,0.2854563657673701,1.0,1.0,1.0,4,0,mag_orientation,percentile,2048.0,2048.0,cfg_049
spatial_percentile_hamming,32.0,1.0,1.0,0.0,256.0,256.0,1.0,1.0,1.0,0.2024946041397635,0.21120659759984356,0.26199194721550556,1.0,1.0,1.0,4,0,mag_orientation,percentile,2048.0,2048.0,cfg_050
spatial_percentile_hamming,32.0,2.0,0.0,0.0,256.0,256.0,1.0,1.0,1.0,0.19254581264424778,0.17542763936056102,0.25370554096333287,1.0,1.0,1.0,4,0,mag_orientation,percentile,2048.0,2048.0,cfg_056
spatial_percentile_hamming,32.0,1.0,1.0,1.0,384.0,170.66666666666666,1.0,1.0,1.0,0.1873064874479556,0.16273340607417822,0.27594518221842074,1.0,1.0,1.0,4,0,mag_orientation,percentile,3072.0,3072.0,cfg_051
spatial_percentile_hamming,32.0,1.0,2.0,0.0,384.0,170.66666666666666,1.0,1.0,1.0,0.18310303429016644,0.18503594969066228,0.23975037270956306,1.0,1.0,1.0,4,0,mag_orientation,percentile,3072.0,3072.0,cfg_052
spatial_percentile_hamming,32.0,2.0,0.0,1.0,384.0,170.66666666666666,1.0,1.0,1.0,0.18341174702242338,0.17026534659405976,0.24286844183035788,1.0,1.0,1.0,4,0,mag_orientation,percentile,3072.0,3072.0,cfg_057
spatial_percentile_hamming,32.0,2.0,1.0,0.0,384.0,170.66666666666666,1.0,1.0,1.0,0.19046806474919825,0.19092647346670732,0.2436624573424597,1.0,1.0,1.0,4,0,mag_orientation,percentile,3072.0,3072.0,cfg_058
spatial_percentile_hamming,32.0,1.0,2.0,1.0,512.0,128.0,1.0,1.0,1.0,0.17233853664700874,0.17097817863253617,0.22936295988352184,1.0,1.0,1.0,4,0,mag_orientation,percentile,4096.0,4096.0,cfg_053
spatial_percentile_hamming,32.0,1.0,3.0,0.0,512.0,128.0,1.0,1.0,1.0,0.19976821782375342,0.20571120290311348,0.2545291894912138,1.0,1.0,1.0,4,0,mag_orientation,percentile,4096.0,4096.0,cfg_054
spatial_percentile_hamming,32.0,2.0,1.0,1.0,512.0,128.0,1.0,1.0,1.0,0.18221971767195003,0.17580883213153695,0.24174995079981917,1.0,1.0,1.0,4,0,mag_orientation,percentile,4096.0,4096.0,cfg_059
spatial_percentile_hamming,32.0,2.0,2.0,0.0,512.0,128.0,1.0,1.0,1.0,0.17687378828103573,0.17290883573263002,0.2342535426778695,1.0,1.0,1.0,4,0,mag_orientation,percentile,4096.0,4096.0,cfg_060
spatial_percentile_hamming,32.0,4.0,0.0,0.0,512.0,128.0,1.0,1.0,1.0,0.24796788033419856,0.2510764855197303,0.30134250274520397,1.0,1.0,1.0,4,0,mag_orientation,percentile,4096.0,4096.0,cfg_064
spatial_percentile_hamming,32.0,1.0,3.0,1.0,640.0,102.4,1.0,1.0,1.0,0.1855685126568708,0.18444059088951859,0.24800467364997916,1.0,1.0,1.0,4,0,mag_orientation,percentile,5120.0,5120.0,cfg_055
spatial_percentile_hamming,32.0,2.0,2.0,1.0,640.0,102.4,1.0,1.0,1.0,0.17007787215093592,0.16667300773987773,0.22607351287238525,1.0,1.0,1.0,4,0,mag_orientation,percentile,5120.0,5120.0,cfg_061
spatial_percentile_hamming,32.0,2.0,3.0,0.0,640.0,102.4,1.0,1.0,1.0,0.17483408770988443,0.18243573591832432,0.21415535234080452,1.0,1.0,1.0,4,0,mag_orientation,percentile,5120.0,5120.0,cfg_062
spatial_percentile_hamming,32.0,4.0,0.0,1.0,640.0,102.4,1.0,1.0,1.0,0.23974403293514812,0.23724085304782377,0.30215175993268617,1.0,1.0,1.0,4,0,mag_orientation,percentile,5120.0,5120.0,cfg_065
spatial_percentile_hamming,32.0,4.0,1.0,0.0,640.0,102.4,1.0,1.0,1.0,0.2383030818616703,0.2341205394943705,0.29264975197411025,1.0,1.0,1.0,4,0,mag_orientation,percentile,5120.0,5120.0,cfg_066
spatial_percentile_hamming,32.0,2.0,3.0,1.0,768.0,85.33333333333333,1.0,1.0,1.0,0.16905330036860639,0.17781638712578063,0.20951868308103674,1.0,1.0,1.0,4,0,mag_orientation,percentile,6144.0,6144.0,cfg_063
spatial_percentile_hamming,32.0,4.0,1.0,1.0,768.0,85.33333333333333,1.0,1.0,1.0,0.23136076180665108,0.22124493286754288,0.29501721774513223,1.0,1.0,1.0,4,0,mag_orientation,percentile,6144.0,6144.0,cfg_067
spatial_percentile_hamming,32.0,4.0,2.0,0.0,768.0,85.33333333333333,1.0,1.0,1.0,0.21958303442880292,0.20727309515788883,0.2755890989463376,1.0,1.0,1.0,4,0,mag_orientation,percentile,6144.0,6144.0,cfg_068
spatial_percentile_hamming,32.0,4.0,2.0,1.0,896.0,73.14285714285714,1.0,1.0,1.0,0.21403562151109543,0.20335137969163425,0.26932752141878946,1.0,1.0,1.0,4,0,mag_orientation,percentile,7168.0,7168.0,cfg_069
spatial_percentile_hamming,32.0,4.0,3.0,0.0,896.0,73.14285714285714,1.0,1.0,1.0,0.2082440877645227,0.20408150307815692,0.25461536646141986,1.0,1.0,1.0,4,0,mag_orientation,percentile,7168.0,7168.0,cfg_070
spatial_percentile_hamming,32.0,4.0,3.0,1.0,1024.0,64.0,1.0,1.0,1.0,0.20388716719723976,0.20122122441775897,0.2503540602979116,1.0,1.0,1.0,4,0,mag_orientation,percentile,8192.0,8192.0,cfg_071
jpeg2000_q100,,,,,6486.25,10.104366666568604,1.0,1.0,1.0,0.1457486015071895,0.14093176636951393,0.1736718257277251,1.0,1.0,1.0,4,0,,,,,baseline_jpeg2000_100
webp_q30,,,,,7713.5,8.512781727326164,1.0,1.0,1.0,0.1469799748425793,0.1426031392337338,0.1750572765631792,1.0,1.0,1.0,4,0,,,,,baseline_webp_30
webp_q50,,,,,10971.0,5.977319767462221,1.0,1.0,1.0,0.147046236512281,0.1418450008523382,0.17711546994368269,1.0,1.0,1.0,4,0,,,,,baseline_webp_50
jpeg2000_q250,,,,,16163.5,4.05459061935961,1.0,1.0,1.0,0.14672928616142483,0.14201982914276673,0.17587794399188117,1.0,1.0,1.0,4,0,,,,,baseline_jpeg2000_250
jpeg2000_q500,,,,,32695.75,2.0044265872643305,1.0,1.0,1.0,0.1474689347556405,0.1418706347192583,0.1767885892399016,1.0,1.0,1.0,4,0,,,,,baseline_jpeg2000_500
jpeg2000_q1000,,,,,50964.75,1.2860348649639368,1.0,1.0,1.0,0.1474372356705228,0.141800246108026,0.1767115809897464,1.0,1.0,1.0,4,0,,,,,baseline_jpeg2000_1000
raw_ncc,,,,,65536.0,1.0,1.0,1.0,1.0,0.1474372356705228,0.141800246108026,0.1767115809897464,1.0,1.0,1.0,4,0,,,,,baseline_raw_ncc
orb,,,,,119686.0,0.547828900551901,1.0,1.0,1.0,0.20703724953105096,0.19511878962732787,0.28294085362209764,1.0,1.0,1.0,4,0,,,,,baseline_orb
sift,,,,,269072.0,0.2447438427703995,1.0,1.0,1.0,0.01747718732285222,0.011100402956908867,0.028213432009055173,1.0,1.0,1.0,4,0,,,,,baseline_sift
